id,gender,accent
0.amr,,
1.mp3,,
2.mp3,,
3.mp3,,
4.wav,,
5.mp3,,
6.wav,,
7.mp3,,
8.wav,,
9.amr,,
10.mp3,,
11.amr,,
12.amr,,
13.amr,,
14.mp3,,
15.wav,,
16.mp3,,
17.amr,,
18.mp3,,
19.amr,,
20.wav,,
21.mp3,,
22.amr,,
23.amr,,
24.amr,,
25.amr,,
26.mp3,,
27.mp3,,
28.wav,,
29.wav,,
30.mp3,,
31.mp3,,
32.mp3,,
33.amr,,
34.wav,,
35.amr,,
36.mp3,,
37.amr,,
38.mp3,,
39.mp3,,
40.amr,,
41.mp3,,
42.amr,,
43.mp3,,
44.mp3,,
45.amr,,
46.amr,,
47.mp3,,
48.mp3,,
49.mp3,,
50.mp3,,
51.mp3,,
52.wav,,
53.wav,,
54.mp3,,
55.mp3,,
56.amr,,
57.mp3,,
58.mp3,,
59.mp3,,
60.wav,,
61.mp3,,
62.amr,,
63.wav,,
64.amr,,
65.mp3,,
66.amr,,
67.amr,,
68.amr,,
69.wav,,
70.mp3,,
71.mp3,,
72.wav,,
73.mp3,,
74.mp3,,
75.amr,,
76.mp3,,
77.mp3,,
78.wav,,
79.mp3,,
80.mp3,,
81.mp3,,
82.wav,,
83.mp3,,
84.mp3,,
85.mp3,,
86.amr,,
87.amr,,
88.mp3,,
89.wav,,
90.mp3,,
91.mp3,,
92.amr,,
93.wav,,
94.amr,,
95.mp3,,
96.mp3,,
97.mp3,,
98.mp3,,
99.mp3,,
100.mp3,,
101.amr,,
102.wav,,
103.wav,,
104.wav,,
105.amr,,
106.mp3,,
107.mp3,,
108.mp3,,
109.mp3,,
110.wav,,
111.mp3,,
112.mp3,,
113.mp3,,
114.mp3,,
115.mp3,,
116.wav,,
117.mp3,,
118.mp3,,
119.mp3,,
120.wav,,
121.amr,,
122.mp3,,
123.mp3,,
124.wav,,
125.mp3,,
126.wav,,
127.mp3,,
128.mp3,,
129.mp3,,
130.wav,,
131.mp3,,
132.wav,,
133.mp3,,
134.mp3,,
135.amr,,
136.wav,,
137.mp3,,
138.amr,,
139.amr,,
140.mp3,,
141.mp3,,
142.mp3,,
143.wav,,
144.amr,,
145.mp3,,
146.mp3,,
147.mp3,,
148.wav,,
149.mp3,,
150.amr,,
151.mp3,,
152.mp3,,
153.mp3,,
154.mp3,,
155.mp3,,
156.mp3,,
157.amr,,
158.amr,,
159.mp3,,
160.mp3,,
161.amr,,
162.mp3,,
163.amr,,
164.mp3,,
165.wav,,
166.amr,,
167.mp3,,
168.wav,,
169.mp3,,
170.mp3,,
171.mp3,,
172.mp3,,
173.amr,,
174.amr,,
175.amr,,
176.wav,,
177.amr,,
178.mp3,,
179.mp3,,
180.amr,,
181.wav,,
182.mp3,,
183.wav,,
184.mp3,,
185.mp3,,
186.mp3,,
187.mp3,,
188.mp3,,
189.mp3,,
190.mp3,,
191.wav,,
192.wav,,
193.mp3,,
194.wav,,
195.mp3,,
196.mp3,,
197.mp3,,
198.amr,,
199.amr,,
200.mp3,,
201.amr,,
202.mp3,,
203.mp3,,
204.mp3,,
205.mp3,,
206.amr,,
207.amr,,
208.amr,,
209.amr,,
210.mp3,,
211.mp3,,
212.wav,,
213.mp3,,
214.amr,,
215.mp3,,
216.mp3,,
217.amr,,
218.mp3,,
219.amr,,
220.amr,,
221.amr,,
222.mp3,,
223.mp3,,
224.mp3,,
225.mp3,,
226.amr,,
227.wav,,
228.amr,,
229.wav,,
230.amr,,
231.amr,,
232.mp3,,
233.mp3,,
234.mp3,,
235.amr,,
236.mp3,,
237.mp3,,
238.amr,,
239.mp3,,
240.mp3,,
241.mp3,,
242.mp3,,
243.amr,,
244.amr,,
245.mp3,,
246.amr,,
247.amr,,
248.mp3,,
249.mp3,,
250.mp3,,
251.wav,,
252.amr,,
253.mp3,,
254.amr,,
255.wav,,
256.wav,,
257.mp3,,
258.mp3,,
259.mp3,,
260.mp3,,
261.mp3,,
262.mp3,,
263.mp3,,
264.wav,,
265.wav,,
266.mp3,,
267.wav,,
268.wav,,
269.mp3,,
270.mp3,,
271.amr,,
272.mp3,,
273.mp3,,
274.amr,,
275.mp3,,
276.wav,,
277.mp3,,
278.mp3,,
279.amr,,
280.amr,,
281.mp3,,
282.mp3,,
283.mp3,,
284.amr,,
285.wav,,
286.amr,,
287.mp3,,
288.mp3,,
289.mp3,,
290.wav,,
291.amr,,
292.mp3,,
293.amr,,
294.amr,,
295.mp3,,
296.mp3,,
297.mp3,,
298.mp3,,
299.amr,,
300.mp3,,
301.wav,,
302.wav,,
303.mp3,,
304.wav,,
305.amr,,
306.mp3,,
307.wav,,
308.mp3,,
309.mp3,,
310.amr,,
311.mp3,,
312.mp3,,
313.mp3,,
314.mp3,,
315.amr,,
316.mp3,,
317.mp3,,
318.mp3,,
319.wav,,
320.wav,,
321.mp3,,
322.mp3,,
323.mp3,,
324.mp3,,
325.amr,,
326.mp3,,
327.mp3,,
328.mp3,,
329.wav,,
330.wav,,
331.mp3,,
332.wav,,
333.amr,,
334.mp3,,
335.mp3,,
336.mp3,,
337.mp3,,
338.wav,,
339.amr,,
340.mp3,,
341.mp3,,
342.wav,,
343.wav,,
344.wav,,
345.mp3,,
346.mp3,,
347.amr,,
348.mp3,,
349.mp3,,
350.amr,,
351.wav,,
352.mp3,,
353.mp3,,
354.mp3,,
355.amr,,
356.amr,,
357.amr,,
358.amr,,
359.mp3,,
360.wav,,
361.wav,,
362.mp3,,
363.mp3,,
364.mp3,,
365.mp3,,
366.mp3,,
367.mp3,,
368.mp3,,
369.amr,,
370.mp3,,
371.mp3,,
372.amr,,
373.amr,,
374.amr,,
375.mp3,,
376.mp3,,
377.mp3,,
378.mp3,,
379.amr,,
380.amr,,
381.amr,,
382.mp3,,
383.mp3,,
384.mp3,,
385.mp3,,
386.mp3,,
387.mp3,,
388.mp3,,
389.mp3,,
390.mp3,,
391.wav,,
392.mp3,,
393.mp3,,
394.amr,,
395.amr,,
396.amr,,
397.amr,,
398.mp3,,
399.wav,,
400.amr,,
401.amr,,
402.mp3,,
403.mp3,,
404.mp3,,
405.mp3,,
406.amr,,
407.wav,,
408.mp3,,
409.mp3,,
410.wav,,
411.mp3,,
412.wav,,
413.mp3,,
414.amr,,
415.wav,,
416.amr,,
417.mp3,,
418.amr,,
419.mp3,,
420.wav,,
421.wav,,
422.amr,,
423.amr,,
424.mp3,,
425.mp3,,
426.mp3,,
427.mp3,,
428.amr,,
429.amr,,
430.amr,,
431.wav,,
432.wav,,
433.mp3,,
434.mp3,,
435.amr,,
436.mp3,,
437.amr,,
438.mp3,,
439.amr,,
440.wav,,
441.mp3,,
442.mp3,,
443.amr,,
444.mp3,,
445.wav,,
446.wav,,
447.mp3,,
448.amr,,
449.mp3,,
450.mp3,,
451.mp3,,
452.mp3,,
453.amr,,
454.mp3,,
455.mp3,,
456.amr,,
457.mp3,,
458.mp3,,
459.mp3,,
460.mp3,,
461.amr,,
462.wav,,
463.amr,,
464.mp3,,
465.amr,,
466.wav,,
467.amr,,
468.wav,,
469.mp3,,
470.mp3,,
471.wav,,
472.mp3,,
473.amr,,
474.amr,,
475.mp3,,
476.amr,,
477.mp3,,
478.mp3,,
479.mp3,,
480.amr,,
481.amr,,
482.amr,,
483.mp3,,
484.mp3,,
485.mp3,,
486.mp3,,
487.mp3,,
488.amr,,
489.mp3,,
490.mp3,,
491.mp3,,
492.wav,,
493.mp3,,
494.mp3,,
495.mp3,,
496.mp3,,
497.wav,,
498.amr,,
499.wav,,
500.wav,,
501.mp3,,
502.mp3,,
503.mp3,,
504.amr,,
505.mp3,,
506.mp3,,
507.amr,,
508.amr,,
509.mp3,,
510.mp3,,
511.amr,,
512.mp3,,
513.amr,,
514.mp3,,
515.mp3,,
516.wav,,
517.mp3,,
518.mp3,,
519.wav,,
520.mp3,,
521.wav,,
522.amr,,
523.mp3,,
524.mp3,,
525.amr,,
526.mp3,,
527.mp3,,
528.amr,,
529.amr,,
530.mp3,,
531.mp3,,
532.wav,,
533.mp3,,
534.mp3,,
535.wav,,
536.amr,,
537.mp3,,
538.amr,,
539.amr,,
540.amr,,
541.mp3,,
542.amr,,
543.wav,,
544.mp3,,
545.mp3,,
546.wav,,
547.mp3,,
548.mp3,,
549.mp3,,
550.wav,,
551.mp3,,
552.mp3,,
553.wav,,
554.amr,,
555.wav,,
556.mp3,,
557.mp3,,
558.mp3,,
559.mp3,,
560.mp3,,
561.mp3,,
562.mp3,,
563.mp3,,
564.wav,,
565.amr,,
566.mp3,,
567.mp3,,
568.mp3,,
569.amr,,
570.amr,,
571.mp3,,
572.mp3,,
573.amr,,
574.mp3,,
575.mp3,,
576.mp3,,
577.amr,,
578.amr,,
579.mp3,,
580.mp3,,
581.wav,,
582.wav,,
583.amr,,
584.amr,,
585.mp3,,
586.amr,,
587.mp3,,
588.mp3,,
589.mp3,,
590.mp3,,
591.mp3,,
592.mp3,,
593.mp3,,
594.amr,,
595.amr,,
596.amr,,
597.amr,,
598.amr,,
599.mp3,,
600.amr,,
601.amr,,
602.mp3,,
603.amr,,
604.amr,,
605.mp3,,
606.mp3,,
607.amr,,
608.mp3,,
609.mp3,,
610.wav,,
611.mp3,,
612.amr,,
613.mp3,,
614.mp3,,
615.mp3,,
616.mp3,,
617.mp3,,
618.amr,,
619.mp3,,
620.mp3,,
621.mp3,,
622.wav,,
623.mp3,,
624.wav,,
625.mp3,,
626.mp3,,
627.wav,,
628.mp3,,
629.amr,,
630.mp3,,
631.mp3,,
632.amr,,
633.wav,,
634.amr,,
635.mp3,,
636.wav,,
637.wav,,
638.wav,,
639.mp3,,
640.mp3,,
641.wav,,
642.mp3,,
643.wav,,
644.mp3,,
645.wav,,
646.amr,,
647.wav,,
648.wav,,
649.wav,,
650.mp3,,
651.mp3,,
652.mp3,,
653.amr,,
654.wav,,
655.mp3,,
656.mp3,,
657.amr,,
658.mp3,,
659.mp3,,
660.mp3,,
661.amr,,
662.mp3,,
663.amr,,
664.amr,,
665.mp3,,
666.amr,,
667.amr,,
668.wav,,
669.mp3,,
670.wav,,
671.amr,,
672.mp3,,
673.wav,,
674.wav,,
675.mp3,,
676.amr,,
677.mp3,,
678.mp3,,
679.mp3,,
680.mp3,,
681.mp3,,
682.amr,,
683.amr,,
684.mp3,,
685.amr,,
686.amr,,
687.mp3,,
688.amr,,
689.wav,,
690.mp3,,
691.mp3,,
692.amr,,
693.wav,,
694.mp3,,
695.mp3,,
696.amr,,
697.wav,,
698.amr,,
699.mp3,,
700.amr,,
701.wav,,
702.mp3,,
703.mp3,,
704.mp3,,
705.amr,,
706.wav,,
707.mp3,,
708.mp3,,
709.mp3,,
710.amr,,
711.amr,,
712.wav,,
713.wav,,
714.amr,,
715.amr,,
716.amr,,
717.wav,,
718.amr,,
719.wav,,
720.mp3,,
721.mp3,,
722.mp3,,
723.mp3,,
724.amr,,
725.wav,,
726.mp3,,
727.mp3,,
728.mp3,,
729.mp3,,
730.amr,,
731.amr,,
732.amr,,
733.mp3,,
734.wav,,
735.wav,,
736.amr,,
737.mp3,,
738.amr,,
739.wav,,
740.wav,,
741.mp3,,
742.wav,,
743.mp3,,
744.amr,,
745.wav,,
746.mp3,,
747.amr,,
748.mp3,,
749.mp3,,
750.amr,,
751.wav,,
752.mp3,,
753.mp3,,
754.amr,,
755.mp3,,
756.mp3,,
757.amr,,
758.wav,,
759.amr,,
760.wav,,
761.amr,,
762.mp3,,
763.amr,,
764.amr,,
765.mp3,,
766.amr,,
767.wav,,
768.wav,,
769.mp3,,
770.wav,,
771.mp3,,
772.wav,,
773.amr,,
774.mp3,,
775.mp3,,
776.amr,,
777.mp3,,
778.mp3,,
779.wav,,
780.mp3,,
781.amr,,
782.mp3,,
783.mp3,,
784.mp3,,
785.wav,,
786.amr,,
787.amr,,
788.wav,,
789.amr,,
790.amr,,
791.mp3,,
792.mp3,,
793.mp3,,
794.mp3,,
795.mp3,,
796.wav,,
797.mp3,,
798.wav,,
799.amr,,
800.wav,,
801.amr,,
802.mp3,,
803.mp3,,
804.amr,,
805.amr,,
806.mp3,,
807.mp3,,
808.amr,,
809.amr,,
810.mp3,,
811.mp3,,
812.mp3,,
813.mp3,,
814.wav,,
815.amr,,
816.mp3,,
817.mp3,,
818.mp3,,
819.mp3,,
820.wav,,
821.mp3,,
822.mp3,,
823.wav,,
824.wav,,
825.mp3,,
826.wav,,
827.mp3,,
828.mp3,,
829.mp3,,
830.mp3,,
831.mp3,,
832.mp3,,
833.mp3,,
834.mp3,,
835.mp3,,
836.mp3,,
837.mp3,,
838.mp3,,
839.wav,,
840.mp3,,
841.wav,,
842.wav,,
843.mp3,,
844.amr,,
845.amr,,
846.mp3,,
847.mp3,,
848.amr,,
849.amr,,
850.mp3,,
851.mp3,,
852.mp3,,
853.amr,,
854.amr,,
855.mp3,,
856.mp3,,
857.amr,,
858.wav,,
859.mp3,,
860.mp3,,
861.wav,,
862.mp3,,
863.mp3,,
864.mp3,,
865.wav,,
866.mp3,,
867.amr,,
868.wav,,
869.mp3,,
870.mp3,,
871.mp3,,
872.amr,,
873.wav,,
874.mp3,,
875.amr,,
876.mp3,,
877.mp3,,
878.mp3,,
879.amr,,
880.wav,,
881.wav,,
882.wav,,
883.wav,,
884.amr,,
885.mp3,,
886.mp3,,
887.wav,,
888.mp3,,
889.mp3,,
890.mp3,,
891.amr,,
892.amr,,
893.mp3,,
894.amr,,
895.mp3,,
896.mp3,,
897.mp3,,
898.amr,,
899.wav,,
900.mp3,,
901.mp3,,
902.mp3,,
903.wav,,
904.wav,,
905.wav,,
906.mp3,,
907.amr,,
908.wav,,
909.mp3,,
910.wav,,
911.wav,,
912.wav,,
913.mp3,,
914.mp3,,
915.mp3,,
916.wav,,
917.amr,,
918.mp3,,
919.mp3,,
920.amr,,
921.wav,,
922.mp3,,
923.amr,,
924.mp3,,
925.mp3,,
926.wav,,
927.mp3,,
928.mp3,,
929.amr,,
930.mp3,,
931.wav,,
932.mp3,,
933.amr,,
934.mp3,,
935.amr,,
936.mp3,,
937.amr,,
938.mp3,,
939.mp3,,
940.wav,,
941.wav,,
942.amr,,
943.wav,,
944.wav,,
945.mp3,,
946.amr,,
947.wav,,
948.mp3,,
949.amr,,
950.mp3,,
951.wav,,
952.mp3,,
953.amr,,
954.amr,,
955.mp3,,
956.mp3,,
957.mp3,,
958.wav,,
959.amr,,
960.mp3,,
961.amr,,
962.amr,,
963.mp3,,
964.wav,,
965.amr,,
966.amr,,
967.wav,,
968.mp3,,
969.mp3,,
970.mp3,,
971.mp3,,
972.amr,,
973.mp3,,
974.amr,,
975.wav,,
976.wav,,
977.wav,,
978.wav,,
979.wav,,
980.wav,,
981.wav,,
982.wav,,
983.wav,,
984.wav,,
985.wav,,
986.wav,,
987.wav,,
988.wav,,
989.wav,,
990.wav,,
991.wav,,
992.wav,,
993.wav,,
994.wav,,
995.wav,,
996.wav,,
997.wav,,
998.wav,,
999.wav,,
1000.wav,,
1001.wav,,
1002.wav,,
1003.wav,,
1004.wav,,
1005.wav,,
1006.wav,,
1007.wav,,
1008.wav,,
1009.wav,,
1010.wav,,
1011.wav,,
1012.wav,,
1013.wav,,
1014.wav,,
1015.wav,,
1016.wav,,
1017.wav,,
1018.wav,,
1019.wav,,
1020.wav,,
1021.wav,,
1022.wav,,
1023.wav,,
1024.wav,,
1025.wav,,
1026.wav,,
1027.wav,,
1028.wav,,
1029.wav,,
1030.wav,,
1031.wav,,
1032.wav,,
1033.wav,,
1034.wav,,
1035.wav,,
1036.wav,,
1037.wav,,
1038.wav,,
1039.wav,,
1040.wav,,
1041.wav,,
1042.wav,,
1043.wav,,
1044.wav,,
1045.wav,,
1046.wav,,
1047.wav,,
1048.wav,,
1049.wav,,
1050.wav,,
1051.wav,,
1052.wav,,
1053.wav,,
1054.wav,,
1055.wav,,
1056.wav,,
1057.wav,,
1058.wav,,
1059.wav,,
1060.wav,,
1061.wav,,
1062.wav,,
1063.wav,,
1064.wav,,
1065.wav,,
1066.wav,,
1067.wav,,
1068.wav,,
1069.wav,,
1070.wav,,
1071.wav,,
1072.wav,,
1073.wav,,
1074.wav,,
1075.wav,,
1076.wav,,
1077.wav,,
1078.wav,,
1079.wav,,
1080.wav,,
1081.wav,,
1082.wav,,
1083.wav,,
1084.wav,,
1085.wav,,
1086.wav,,
1087.wav,,
1088.wav,,
1089.wav,,
1090.wav,,
1091.wav,,
1092.wav,,
1093.wav,,
1094.wav,,
1095.wav,,
1096.wav,,
1097.wav,,
1098.wav,,
1099.wav,,
1100.wav,,
1101.wav,,
1102.wav,,
1103.wav,,
1104.wav,,
1105.wav,,
1106.wav,,
1107.wav,,
1108.wav,,
1109.wav,,
1110.wav,,
1111.wav,,
1112.wav,,
1113.wav,,
1114.wav,,
1115.wav,,
1116.wav,,
1117.wav,,
1118.wav,,
1119.wav,,
1120.wav,,
1121.wav,,
1122.wav,,
1123.wav,,
1124.wav,,
1125.wav,,
1126.wav,,
1127.wav,,
1128.wav,,
1129.wav,,
1130.wav,,
1131.wav,,
1132.wav,,
1133.wav,,
1134.wav,,
1135.wav,,
1136.wav,,
1137.wav,,
1138.wav,,
1139.wav,,
1140.wav,,
1141.wav,,
1142.wav,,
1143.wav,,
1144.wav,,
1145.wav,,
1146.wav,,
1147.wav,,
1148.wav,,
1149.wav,,
1150.wav,,
1151.wav,,
1152.wav,,
1153.wav,,
1154.wav,,
1155.wav,,
1156.wav,,
1157.wav,,
1158.wav,,
1159.wav,,
1160.wav,,
1161.wav,,
1162.wav,,
1163.wav,,
1164.wav,,
1165.wav,,
1166.wav,,
1167.wav,,
1168.wav,,
1169.wav,,
1170.wav,,
1171.wav,,
1172.wav,,
1173.wav,,
1174.wav,,
1175.wav,,
1176.wav,,
1177.wav,,
1178.wav,,
1179.wav,,
1180.wav,,
1181.wav,,
1182.wav,,
1183.wav,,
1184.wav,,
1185.wav,,
1186.wav,,
1187.wav,,
1188.wav,,
1189.wav,,
1190.wav,,
1191.wav,,
1192.wav,,
1193.wav,,
1194.wav,,
1195.wav,,
1196.wav,,
1197.wav,,
1198.wav,,
1199.wav,,
1200.wav,,
1201.wav,,
1202.wav,,
1203.wav,,
1204.wav,,
1205.wav,,
1206.wav,,
1207.wav,,
1208.wav,,
1209.wav,,
1210.wav,,
1211.wav,,
1212.wav,,
1213.mp3,,
1214.wav,,
1215.wav,,
1216.wav,,
1217.wav,,
1218.wav,,
1219.wav,,
1220.wav,,
1221.wav,,
1222.wav,,
1223.wav,,
1224.wav,,
1225.wav,,
1226.wav,,
1227.wav,,
1228.wav,,
1229.wav,,
1230.wav,,
1231.wav,,
1232.wav,,
1233.wav,,
1234.wav,,
1235.wav,,
1236.wav,,
1237.wav,,
1238.wav,,
1239.wav,,
1240.wav,,
1241.wav,,
1242.wav,,
1243.wav,,
1244.wav,,
1245.wav,,
1246.wav,,
1247.wav,,
1248.wav,,
1249.wav,,
1250.wav,,
1251.wav,,
1252.wav,,
1253.wav,,
1254.wav,,
1255.wav,,
1256.wav,,
1257.wav,,
1258.wav,,
1259.wav,,
1260.wav,,
1261.wav,,
1262.wav,,
1263.wav,,
1264.wav,,
1265.wav,,
1266.wav,,
1267.wav,,
1268.wav,,
1269.wav,,
1270.wav,,
1271.wav,,
1272.wav,,
1273.wav,,
1274.wav,,
1275.wav,,
1276.wav,,
1277.wav,,
1278.wav,,
1279.wav,,
1280.wav,,
1281.wav,,
1282.wav,,
1283.wav,,
1284.mp3,,
1285.wav,,
1286.wav,,
1287.wav,,
1288.wav,,
1289.wav,,
1290.wav,,
1291.wav,,
1292.wav,,
1293.wav,,
1294.wav,,
1295.wav,,
1296.wav,,
1297.mp3,,
1298.wav,,
1299.wav,,
1300.wav,,
1301.wav,,
1302.wav,,
1303.amr,,
1304.wav,,
1305.wav,,
1306.wav,,
1307.wav,,
1308.wav,,
1309.wav,,
1310.wav,,
1311.wav,,
1312.wav,,
1313.wav,,
1314.wav,,
1315.wav,,
1316.wav,,
1317.wav,,
1318.wav,,
1319.amr,,
1320.wav,,
1321.wav,,
1322.wav,,
1323.wav,,
1324.wav,,
1325.wav,,
1326.wav,,
1327.wav,,
1328.wav,,
1329.wav,,
1330.mp3,,
1331.wav,,
1332.wav,,
1333.wav,,
1334.wav,,
1335.wav,,
1336.wav,,
1337.wav,,
1338.wav,,
1339.wav,,
1340.wav,,
1341.wav,,
1342.wav,,
1343.wav,,
1344.wav,,
1345.wav,,
1346.wav,,
1347.wav,,
1348.wav,,
1349.wav,,
1350.wav,,
1351.wav,,
1352.wav,,
1353.wav,,
1354.wav,,
1355.wav,,
1356.wav,,
1357.wav,,
1358.wav,,
1359.wav,,
1360.wav,,
1361.wav,,
1362.wav,,
1363.wav,,
1364.wav,,
1365.amr,,
1366.wav,,
1367.wav,,
1368.wav,,
1369.wav,,
1370.wav,,
1371.wav,,
1372.wav,,
1373.wav,,
1374.wav,,
1375.wav,,
1376.wav,,
1377.wav,,
1378.wav,,
1379.wav,,
1380.wav,,
1381.wav,,
1382.wav,,
1383.wav,,
1384.wav,,
1385.wav,,
1386.amr,,
1387.wav,,
1388.wav,,
1389.wav,,
1390.wav,,
1391.wav,,
1392.wav,,
1393.wav,,
1394.wav,,
1395.wav,,
1396.wav,,
1397.wav,,
1398.wav,,
1399.wav,,
1400.wav,,
1401.wav,,
1402.wav,,
1403.wav,,
1404.wav,,
1405.wav,,
1406.wav,,
1407.wav,,
1408.wav,,
1409.wav,,
1410.wav,,
1411.wav,,
1412.wav,,
1413.wav,,
1414.wav,,
1415.wav,,
1416.wav,,
1417.wav,,
1418.wav,,
1419.amr,,
1420.wav,,
1421.wav,,
1422.wav,,
1423.wav,,
1424.wav,,
1425.wav,,
1426.wav,,
1427.wav,,
1428.wav,,
1429.wav,,
1430.wav,,
1431.wav,,
1432.wav,,
1433.wav,,
1434.wav,,
1435.amr,,
1436.wav,,
1437.wav,,
1438.wav,,
1439.wav,,
1440.amr,,
1441.wav,,
1442.wav,,
1443.wav,,
1444.wav,,
1445.wav,,
1446.wav,,
1447.wav,,
1448.wav,,
1449.wav,,
1450.wav,,
1451.wav,,
1452.wav,,
1453.wav,,
1454.wav,,
1455.wav,,
1456.wav,,
1457.wav,,
1458.wav,,
1459.wav,,
1460.wav,,
1461.wav,,
1462.wav,,
1463.wav,,
1464.wav,,
1465.wav,,
1466.wav,,
1467.wav,,
1468.wav,,
1469.wav,,
1470.wav,,
1471.wav,,
1472.wav,,
1473.wav,,
1474.wav,,
1475.wav,,
1476.wav,,
1477.wav,,
1478.wav,,
1479.wav,,
1480.wav,,
1481.wav,,
1482.wav,,
1483.wav,,
1484.wav,,
1485.wav,,
1486.wav,,
1487.wav,,
1488.wav,,
1489.wav,,
1490.wav,,
1491.wav,,
1492.wav,,
1493.wav,,
1494.wav,,
1495.wav,,
1496.wav,,
1497.wav,,
1498.wav,,
1499.wav,,
1500.wav,,
1501.wav,,
1502.wav,,
1503.wav,,
1504.wav,,
1505.wav,,
1506.wav,,
1507.wav,,
1508.wav,,
1509.wav,,
1510.wav,,
1511.wav,,
1512.wav,,
1513.wav,,
1514.wav,,
1515.wav,,
1516.wav,,
1517.wav,,
1518.wav,,
1519.wav,,
1520.wav,,
1521.wav,,
1522.wav,,
1523.wav,,
1524.wav,,
1525.wav,,
1526.wav,,
1527.wav,,
1528.wav,,
1529.wav,,
1530.wav,,
1531.wav,,
1532.wav,,
1533.wav,,
1534.wav,,
1535.wav,,
1536.wav,,
1537.wav,,
1538.wav,,
1539.wav,,
1540.wav,,
1541.wav,,
1542.wav,,
1543.wav,,
1544.wav,,
1545.wav,,
1546.wav,,
1547.wav,,
1548.wav,,
1549.wav,,
1550.wav,,
1551.wav,,
1552.wav,,
1553.wav,,
1554.wav,,
1555.wav,,
1556.wav,,
1557.wav,,
1558.wav,,
1559.wav,,
1560.amr,,
1561.wav,,
1562.wav,,
1563.wav,,
1564.wav,,
1565.wav,,
1566.mp3,,
1567.mp3,,
1568.wav,,
1569.mp3,,
1570.mp3,,
1571.wav,,
1572.mp3,,
1573.mp3,,
1574.mp3,,
1575.mp3,,
1576.mp3,,
1577.mp3,,
1578.wav,,
1579.mp3,,
1580.mp3,,
1581.mp3,,
1582.wav,,
1583.wav,,
1584.mp3,,
1585.mp3,,
1586.mp3,,
1587.mp3,,
1588.mp3,,
1589.mp3,,
1590.mp3,,
1591.mp3,,
1592.amr,,
1593.mp3,,
1594.wav,,
1595.wav,,
1596.mp3,,
1597.mp3,,
1598.mp3,,
1599.mp3,,
1600.wav,,
1601.mp3,,
1602.wav,,
1603.wav,,
1604.mp3,,
1605.mp3,,
1606.mp3,,
1607.mp3,,
1608.mp3,,
1609.amr,,
1610.wav,,
1611.mp3,,
1612.amr,,
1613.wav,,
1614.amr,,
1615.mp3,,
1616.mp3,,
1617.amr,,
1618.mp3,,
1619.mp3,,
1620.mp3,,
1621.mp3,,
1622.mp3,,
1623.mp3,,
1624.mp3,,
1625.wav,,
1626.mp3,,
1627.wav,,
1628.mp3,,
1629.mp3,,
1630.wav,,
1631.mp3,,
1632.mp3,,
1633.mp3,,
1634.mp3,,
1635.wav,,
1636.mp3,,
1637.mp3,,
1638.wav,,
1639.mp3,,
1640.wav,,
1641.mp3,,
1642.mp3,,
1643.wav,,
1644.wav,,
1645.wav,,
1646.mp3,,
1647.wav,,
1648.wav,,
1649.wav,,
1650.mp3,,
1651.wav,,
1652.mp3,,
1653.wav,,
1654.wav,,
1655.mp3,,
1656.wav,,
1657.wav,,
1658.mp3,,
1659.wav,,
1660.mp3,,
1661.mp3,,
1662.mp3,,
1663.wav,,
1664.mp3,,
1665.wav,,
1666.mp3,,
1667.amr,,
1668.wav,,
1669.mp3,,
1670.mp3,,
1671.mp3,,
1672.mp3,,
1673.mp3,,
1674.mp3,,
1675.mp3,,
1676.mp3,,
1677.wav,,
1678.amr,,
1679.wav,,
1680.mp3,,
1681.mp3,,
1682.wav,,
1683.mp3,,
1684.mp3,,
1685.mp3,,
1686.mp3,,
1687.mp3,,
1688.mp3,,
1689.amr,,
1690.mp3,,
1691.mp3,,
1692.mp3,,
1693.mp3,,
1694.mp3,,
1695.mp3,,
1696.amr,,
1697.mp3,,
1698.wav,,
1699.mp3,,
1700.amr,,
1701.mp3,,
1702.wav,,
1703.wav,,
1704.mp3,,
1705.mp3,,
1706.mp3,,
1707.mp3,,
1708.mp3,,
1709.mp3,,
1710.amr,,
1711.mp3,,
1712.wav,,
1713.wav,,
1714.mp3,,
1715.wav,,
1716.mp3,,
1717.wav,,
1718.mp3,,
1719.mp3,,
1720.mp3,,
1721.mp3,,
1722.mp3,,
1723.wav,,
1724.mp3,,
1725.wav,,
1726.wav,,
1727.wav,,
1728.mp3,,
1729.mp3,,
1730.wav,,
1731.mp3,,
1732.mp3,,
1733.mp3,,
1734.wav,,
1735.amr,,
1736.wav,,
1737.mp3,,
1738.mp3,,
1739.mp3,,
1740.mp3,,
1741.amr,,
1742.mp3,,
1743.mp3,,
1744.mp3,,
1745.mp3,,
1746.mp3,,
1747.wav,,
1748.wav,,
1749.amr,,
1750.mp3,,
1751.mp3,,
1752.mp3,,
1753.wav,,
1754.mp3,,
1755.mp3,,
1756.mp3,,
1757.wav,,
1758.mp3,,
1759.wav,,
1760.mp3,,
1761.wav,,
1762.wav,,
1763.mp3,,
1764.wav,,
1765.wav,,
1766.mp3,,
1767.mp3,,
1768.mp3,,
1769.mp3,,
1770.mp3,,
1771.wav,,
1772.mp3,,
1773.wav,,
1774.wav,,
1775.mp3,,
1776.mp3,,
1777.mp3,,
1778.mp3,,
1779.wav,,
1780.mp3,,
1781.mp3,,
1782.mp3,,
1783.mp3,,
1784.wav,,
1785.amr,,
1786.wav,,
1787.mp3,,
1788.wav,,
1789.mp3,,
1790.wav,,
1791.mp3,,
1792.wav,,
1793.mp3,,
1794.mp3,,
1795.mp3,,
1796.mp3,,
1797.wav,,
1798.wav,,
1799.mp3,,
1800.mp3,,
1801.mp3,,
1802.mp3,,
1803.wav,,
1804.mp3,,
1805.wav,,
1806.wav,,
1807.wav,,
1808.mp3,,
1809.mp3,,
1810.mp3,,
1811.mp3,,
1812.mp3,,
1813.mp3,,
1814.mp3,,
1815.amr,,
1816.amr,,
1817.mp3,,
1818.mp3,,
1819.mp3,,
1820.wav,,
1821.mp3,,
1822.mp3,,
1823.mp3,,
1824.mp3,,
1825.mp3,,
1826.wav,,
1827.mp3,,
1828.mp3,,
1829.mp3,,
1830.mp3,,
1831.wav,,
1832.amr,,
1833.wav,,
1834.mp3,,
1835.wav,,
1836.mp3,,
1837.mp3,,
1838.mp3,,
1839.amr,,
1840.mp3,,
1841.mp3,,
1842.amr,,
1843.mp3,,
1844.mp3,,
1845.mp3,,
1846.mp3,,
1847.amr,,
1848.mp3,,
1849.mp3,,
1850.mp3,,
1851.mp3,,
1852.wav,,
1853.wav,,
1854.wav,,
1855.wav,,
1856.wav,,
1857.amr,,
1858.mp3,,
1859.wav,,
1860.mp3,,
1861.mp3,,
1862.mp3,,
1863.mp3,,
1864.amr,,
1865.mp3,,
1866.mp3,,
1867.wav,,
1868.mp3,,
1869.mp3,,
1870.mp3,,
1871.mp3,,
1872.wav,,
1873.mp3,,
1874.mp3,,
1875.mp3,,
1876.wav,,
1877.mp3,,
1878.mp3,,
1879.wav,,
1880.mp3,,
1881.mp3,,
1882.mp3,,
1883.wav,,
1884.mp3,,
1885.wav,,
1886.wav,,
1887.mp3,,
1888.wav,,
1889.mp3,,
1890.mp3,,
1891.wav,,
1892.mp3,,
1893.mp3,,
1894.amr,,
1895.mp3,,
1896.amr,,
1897.wav,,
1898.mp3,,
1899.mp3,,
1900.wav,,
1901.mp3,,
1902.mp3,,
1903.wav,,
1904.mp3,,
1905.mp3,,
1906.mp3,,
1907.mp3,,
1908.mp3,,
1909.mp3,,
1910.mp3,,
1911.mp3,,
1912.wav,,
1913.mp3,,
1914.amr,,
1915.mp3,,
1916.wav,,
1917.amr,,
1918.wav,,
1919.mp3,,
1920.mp3,,
1921.wav,,
1922.wav,,
1923.mp3,,
1924.mp3,,
1925.mp3,,
1926.mp3,,
1927.wav,,
1928.wav,,
1929.amr,,
1930.mp3,,
1931.mp3,,
1932.wav,,
1933.mp3,,
1934.mp3,,
1935.amr,,
1936.wav,,
1937.mp3,,
1938.wav,,
1939.wav,,
1940.wav,,
1941.mp3,,
1942.mp3,,
1943.mp3,,
1944.mp3,,
1945.mp3,,
1946.wav,,
1947.mp3,,
1948.wav,,
1949.mp3,,
1950.wav,,
1951.mp3,,
1952.mp3,,
1953.mp3,,
1954.amr,,
1955.mp3,,
1956.mp3,,
1957.wav,,
1958.mp3,,
1959.wav,,
1960.wav,,
1961.mp3,,
1962.mp3,,
1963.mp3,,
1964.wav,,
1965.wav,,
1966.mp3,,
1967.mp3,,
1968.wav,,
1969.wav,,
1970.mp3,,
1971.mp3,,
1972.mp3,,
1973.wav,,
1974.wav,,
1975.mp3,,
1976.mp3,,
1977.mp3,,
1978.mp3,,
1979.mp3,,
1980.wav,,
1981.wav,,
1982.mp3,,
1983.mp3,,
1984.amr,,
1985.wav,,
1986.mp3,,
1987.wav,,
1988.mp3,,
1989.mp3,,
1990.mp3,,
1991.mp3,,
1992.mp3,,
1993.mp3,,
1994.mp3,,
1995.wav,,
1996.mp3,,
1997.mp3,,
1998.wav,,
1999.wav,,
2000.mp3,,
2001.mp3,,
2002.mp3,,
2003.wav,,
2004.mp3,,
2005.wav,,
2006.mp3,,
2007.amr,,
2008.mp3,,
2009.mp3,,
2010.mp3,,
2011.wav,,
2012.amr,,
2013.amr,,
2014.mp3,,
2015.mp3,,
2016.wav,,
2017.mp3,,
2018.wav,,
2019.mp3,,
2020.wav,,
2021.wav,,
2022.mp3,,
2023.wav,,
2024.wav,,
2025.mp3,,
2026.mp3,,
2027.mp3,,
2028.mp3,,
2029.mp3,,
2030.mp3,,
2031.mp3,,
2032.amr,,
2033.wav,,
2034.wav,,
2035.amr,,
2036.mp3,,
2037.mp3,,
2038.mp3,,
2039.wav,,
2040.wav,,
2041.mp3,,
2042.amr,,
2043.mp3,,
2044.mp3,,
2045.mp3,,
2046.mp3,,
2047.mp3,,
2048.mp3,,
2049.wav,,
2050.wav,,
2051.wav,,
2052.mp3,,
2053.wav,,
2054.mp3,,
2055.wav,,
2056.mp3,,
2057.mp3,,
2058.mp3,,
2059.wav,,
2060.wav,,
2061.wav,,
2062.mp3,,
2063.mp3,,
2064.mp3,,
2065.mp3,,
2066.mp3,,
2067.mp3,,
2068.mp3,,
2069.mp3,,
2070.mp3,,
2071.wav,,
2072.mp3,,
2073.amr,,
2074.mp3,,
2075.mp3,,
2076.mp3,,
2077.wav,,
2078.mp3,,
2079.mp3,,
2080.mp3,,
2081.mp3,,
2082.mp3,,
2083.mp3,,
2084.mp3,,
2085.mp3,,
2086.mp3,,
2087.wav,,
2088.mp3,,
2089.wav,,
2090.mp3,,
2091.mp3,,
2092.mp3,,
2093.wav,,
2094.wav,,
2095.wav,,
2096.mp3,,
2097.mp3,,
2098.mp3,,
2099.wav,,
2100.mp3,,
2101.mp3,,
2102.amr,,
2103.wav,,
2104.mp3,,
2105.mp3,,
2106.mp3,,
2107.amr,,
2108.mp3,,
2109.mp3,,
2110.wav,,
2111.mp3,,
2112.mp3,,
2113.amr,,
2114.wav,,
2115.mp3,,
2116.mp3,,
2117.mp3,,
2118.mp3,,
2119.mp3,,
2120.wav,,
2121.mp3,,
2122.wav,,
2123.mp3,,
2124.wav,,
2125.wav,,
2126.mp3,,
2127.mp3,,
2128.wav,,
2129.mp3,,
2130.mp3,,
2131.amr,,
2132.mp3,,
2133.mp3,,
2134.amr,,
2135.wav,,
2136.mp3,,
2137.mp3,,
2138.amr,,
2139.mp3,,
2140.mp3,,
2141.mp3,,
2142.mp3,,
2143.wav,,
2144.mp3,,
2145.mp3,,
2146.amr,,
2147.mp3,,
2148.mp3,,
2149.amr,,
2150.mp3,,
2151.mp3,,
2152.mp3,,
2153.mp3,,
2154.mp3,,
2155.wav,,
2156.mp3,,
2157.mp3,,
2158.wav,,
2159.wav,,
2160.wav,,
2161.wav,,
2162.mp3,,
2163.amr,,
2164.mp3,,
2165.wav,,
2166.wav,,
2167.wav,,
2168.wav,,
2169.mp3,,
2170.wav,,
2171.mp3,,
2172.mp3,,
2173.mp3,,
2174.wav,,
2175.mp3,,
2176.amr,,
2177.mp3,,
2178.mp3,,
2179.mp3,,
2180.amr,,
2181.amr,,
2182.mp3,,
2183.wav,,
2184.mp3,,
2185.mp3,,
2186.wav,,
2187.mp3,,
2188.wav,,
2189.mp3,,
2190.mp3,,
2191.amr,,
2192.wav,,
2193.wav,,
2194.wav,,
2195.mp3,,
2196.amr,,
2197.wav,,
2198.mp3,,
2199.mp3,,
2200.mp3,,
2201.mp3,,
2202.mp3,,
2203.amr,,
2204.mp3,,
2205.mp3,,
2206.mp3,,
2207.mp3,,
2208.wav,,
2209.mp3,,
2210.wav,,
2211.wav,,
2212.mp3,,
2213.mp3,,
2214.mp3,,
2215.amr,,
2216.mp3,,
2217.mp3,,
2218.mp3,,
2219.mp3,,
2220.mp3,,
2221.mp3,,
2222.mp3,,
2223.mp3,,
2224.mp3,,
2225.mp3,,
2226.mp3,,
2227.wav,,
2228.wav,,
2229.mp3,,
2230.amr,,
2231.mp3,,
2232.wav,,
2233.mp3,,
2234.mp3,,
2235.wav,,
2236.wav,,
2237.mp3,,
2238.mp3,,
2239.mp3,,
2240.mp3,,
2241.mp3,,
2242.mp3,,
2243.mp3,,
2244.mp3,,
2245.wav,,
2246.mp3,,
2247.mp3,,
2248.mp3,,
2249.amr,,
2250.wav,,
2251.mp3,,
2252.mp3,,
2253.mp3,,
2254.mp3,,
2255.wav,,
2256.mp3,,
2257.mp3,,
2258.mp3,,
2259.mp3,,
2260.mp3,,
2261.mp3,,
2262.amr,,
2263.amr,,
2264.mp3,,
2265.amr,,
2266.mp3,,
2267.mp3,,
2268.mp3,,
2269.mp3,,
2270.mp3,,
2271.mp3,,
2272.mp3,,
2273.wav,,
2274.mp3,,
2275.mp3,,
2276.mp3,,
2277.mp3,,
2278.amr,,
2279.amr,,
2280.wav,,
2281.wav,,
2282.mp3,,
2283.mp3,,
2284.mp3,,
2285.mp3,,
2286.mp3,,
2287.mp3,,
2288.mp3,,
2289.mp3,,
2290.mp3,,
2291.mp3,,
2292.amr,,
2293.mp3,,
2294.wav,,
2295.amr,,
2296.mp3,,
2297.wav,,
2298.amr,,
2299.mp3,,
2300.mp3,,
2301.amr,,
2302.mp3,,
2303.mp3,,
2304.mp3,,
2305.amr,,
2306.wav,,
2307.mp3,,
2308.wav,,
2309.mp3,,
2310.mp3,,
2311.mp3,,
2312.mp3,,
2313.mp3,,
2314.mp3,,
2315.amr,,
2316.mp3,,
2317.mp3,,
2318.mp3,,
2319.amr,,
2320.mp3,,
2321.wav,,
2322.mp3,,
2323.mp3,,
2324.mp3,,
2325.mp3,,
2326.mp3,,
2327.amr,,
2328.mp3,,
2329.mp3,,
2330.mp3,,
2331.mp3,,
2332.wav,,
2333.mp3,,
2334.amr,,
2335.wav,,
2336.mp3,,
2337.mp3,,
2338.mp3,,
2339.mp3,,
2340.amr,,
2341.mp3,,
2342.mp3,,
2343.wav,,
2344.amr,,
2345.mp3,,
2346.mp3,,
2347.mp3,,
2348.amr,,
2349.mp3,,
2350.amr,,
2351.wav,,
2352.amr,,
2353.mp3,,
2354.mp3,,
2355.wav,,
2356.mp3,,
2357.mp3,,
2358.mp3,,
2359.mp3,,
2360.mp3,,
2361.mp3,,
2362.mp3,,
2363.mp3,,
2364.amr,,
2365.mp3,,
2366.mp3,,
2367.mp3,,
2368.mp3,,
2369.mp3,,
2370.mp3,,
2371.amr,,
2372.mp3,,
2373.amr,,
2374.amr,,
2375.mp3,,
2376.mp3,,
2377.mp3,,
2378.mp3,,
2379.wav,,
2380.mp3,,
2381.wav,,
2382.mp3,,
2383.mp3,,
2384.mp3,,
2385.mp3,,
2386.mp3,,
2387.mp3,,
2388.wav,,
2389.amr,,
2390.mp3,,
2391.mp3,,
2392.mp3,,
2393.wav,,
2394.mp3,,
2395.mp3,,
2396.mp3,,
2397.mp3,,
2398.mp3,,
2399.amr,,
2400.mp3,,
2401.mp3,,
2402.mp3,,
2403.wav,,
2404.mp3,,
2405.mp3,,
2406.mp3,,
2407.mp3,,
2408.wav,,
2409.mp3,,
2410.mp3,,
2411.mp3,,
2412.amr,,
2413.wav,,
2414.mp3,,
2415.wav,,
2416.mp3,,
2417.mp3,,
2418.mp3,,
2419.mp3,,
2420.mp3,,
2421.mp3,,
2422.mp3,,
2423.mp3,,
2424.mp3,,
2425.mp3,,
2426.mp3,,
2427.wav,,
2428.wav,,
2429.mp3,,
2430.mp3,,
2431.mp3,,
2432.mp3,,
2433.mp3,,
2434.wav,,
2435.mp3,,
2436.mp3,,
2437.mp3,,
2438.mp3,,
2439.mp3,,
2440.mp3,,
2441.mp3,,
2442.mp3,,
2443.mp3,,
2444.mp3,,
2445.wav,,
2446.mp3,,
2447.amr,,
2448.mp3,,
2449.mp3,,
2450.mp3,,
2451.mp3,,
2452.mp3,,
2453.mp3,,
2454.mp3,,
2455.wav,,
2456.mp3,,
2457.mp3,,
2458.mp3,,
2459.mp3,,
2460.mp3,,
2461.mp3,,
2462.amr,,
2463.mp3,,
2464.mp3,,
2465.mp3,,
2466.wav,,
2467.mp3,,
2468.mp3,,
2469.wav,,
2470.mp3,,
2471.mp3,,
2472.wav,,
2473.mp3,,
2474.mp3,,
2475.wav,,
2476.mp3,,
2477.mp3,,
2478.mp3,,
2479.mp3,,
2480.amr,,
2481.amr,,
2482.mp3,,
2483.amr,,
2484.mp3,,
2485.mp3,,
2486.wav,,
2487.mp3,,
2488.mp3,,
2489.wav,,
2490.mp3,,
2491.wav,,
2492.wav,,
2493.mp3,,
2494.mp3,,
2495.mp3,,
2496.mp3,,
2497.mp3,,
2498.mp3,,
2499.mp3,,
2500.wav,,
2501.wav,,
2502.mp3,,
2503.mp3,,
2504.amr,,
2505.mp3,,
2506.mp3,,
2507.mp3,,
2508.wav,,
2509.mp3,,
2510.mp3,,
2511.mp3,,
2512.mp3,,
2513.mp3,,
2514.mp3,,
2515.mp3,,
2516.wav,,
2517.amr,,
2518.amr,,
2519.mp3,,
2520.mp3,,
2521.mp3,,
2522.wav,,
2523.wav,,
2524.mp3,,
2525.mp3,,
2526.mp3,,
2527.mp3,,
2528.mp3,,
2529.amr,,
2530.wav,,
2531.mp3,,
2532.mp3,,
2533.mp3,,
2534.mp3,,
2535.mp3,,
2536.wav,,
2537.mp3,,
2538.mp3,,
2539.mp3,,
2540.mp3,,
2541.mp3,,
2542.mp3,,
2543.mp3,,
2544.amr,,
2545.mp3,,
2546.mp3,,
2547.mp3,,
2548.mp3,,
2549.wav,,
2550.mp3,,
2551.mp3,,
2552.wav,,
2553.mp3,,
2554.amr,,
2555.wav,,
2556.amr,,
2557.mp3,,
2558.mp3,,
2559.amr,,
2560.mp3,,
2561.mp3,,
2562.mp3,,
2563.mp3,,
2564.mp3,,
2565.mp3,,
2566.mp3,,
2567.mp3,,
2568.mp3,,
2569.mp3,,
2570.mp3,,
2571.amr,,
2572.mp3,,
2573.mp3,,
2574.mp3,,
2575.mp3,,
2576.mp3,,
2577.amr,,
2578.mp3,,
2579.mp3,,
2580.mp3,,
2581.mp3,,
2582.amr,,
2583.mp3,,
2584.mp3,,
2585.mp3,,
2586.mp3,,
2587.mp3,,
2588.mp3,,
2589.mp3,,
2590.mp3,,
2591.mp3,,
2592.mp3,,
2593.mp3,,
2594.amr,,
2595.mp3,,
2596.mp3,,
2597.mp3,,
2598.mp3,,
2599.wav,,
2600.mp3,,
2601.mp3,,
2602.mp3,,
2603.mp3,,
2604.mp3,,
2605.mp3,,
2606.mp3,,
2607.mp3,,
2608.mp3,,
2609.mp3,,
2610.mp3,,
2611.mp3,,
2612.mp3,,
2613.wav,,
2614.mp3,,
2615.mp3,,
2616.mp3,,
2617.mp3,,
2618.mp3,,
2619.wav,,
2620.mp3,,
2621.mp3,,
2622.mp3,,
2623.amr,,
2624.mp3,,
2625.mp3,,
2626.mp3,,
2627.mp3,,
2628.wav,,
2629.mp3,,
2630.wav,,
2631.mp3,,
2632.mp3,,
2633.wav,,
2634.mp3,,
2635.mp3,,
2636.mp3,,
2637.mp3,,
2638.mp3,,
2639.mp3,,
2640.wav,,
2641.wav,,
2642.mp3,,
2643.mp3,,
2644.mp3,,
2645.mp3,,
2646.wav,,
2647.mp3,,
2648.mp3,,
2649.mp3,,
2650.mp3,,
2651.mp3,,
2652.mp3,,
2653.mp3,,
2654.mp3,,
2655.mp3,,
2656.mp3,,
2657.mp3,,
2658.mp3,,
2659.mp3,,
2660.mp3,,
2661.mp3,,
2662.mp3,,
2663.mp3,,
2664.mp3,,
2665.mp3,,
2666.wav,,
2667.mp3,,
2668.mp3,,
2669.wav,,
2670.mp3,,
2671.mp3,,
2672.mp3,,
2673.wav,,
2674.mp3,,
2675.amr,,
2676.mp3,,
2677.mp3,,
2678.mp3,,
2679.mp3,,
2680.mp3,,
2681.amr,,
2682.mp3,,
2683.mp3,,
2684.mp3,,
2685.mp3,,
2686.mp3,,
2687.wav,,
2688.mp3,,
2689.wav,,
2690.mp3,,
2691.mp3,,
2692.wav,,
2693.mp3,,
2694.mp3,,
2695.wav,,
2696.wav,,
2697.mp3,,
2698.mp3,,
2699.wav,,
2700.amr,,
2701.mp3,,
2702.mp3,,
2703.mp3,,
2704.mp3,,
2705.mp3,,
2706.mp3,,
2707.mp3,,
2708.mp3,,
2709.mp3,,
2710.mp3,,
2711.mp3,,
2712.mp3,,
2713.mp3,,
2714.mp3,,
2715.mp3,,
2716.amr,,
2717.wav,,
2718.amr,,
2719.mp3,,
2720.wav,,
2721.mp3,,
2722.mp3,,
2723.mp3,,
2724.mp3,,
2725.mp3,,
2726.mp3,,
2727.mp3,,
2728.mp3,,
2729.amr,,
2730.mp3,,
2731.mp3,,
2732.mp3,,
2733.mp3,,
2734.mp3,,
2735.mp3,,
2736.wav,,
2737.mp3,,
2738.mp3,,
2739.mp3,,
2740.amr,,
2741.mp3,,
2742.mp3,,
2743.mp3,,
2744.amr,,
2745.mp3,,
2746.amr,,
2747.wav,,
2748.wav,,
2749.wav,,
2750.wav,,
2751.wav,,
2752.wav,,
2753.wav,,
2754.wav,,
2755.wav,,
2756.wav,,
2757.wav,,
2758.wav,,
2759.amr,,
2760.wav,,
2761.wav,,
2762.wav,,
2763.wav,,
2764.wav,,
2765.wav,,
2766.wav,,
2767.wav,,
2768.wav,,
2769.wav,,
2770.wav,,
2771.wav,,
2772.wav,,
2773.wav,,
2774.wav,,
2775.wav,,
2776.wav,,
2777.wav,,
2778.wav,,
2779.wav,,
2780.wav,,
2781.wav,,
2782.wav,,
2783.wav,,
2784.wav,,
2785.wav,,
2786.wav,,
2787.wav,,
2788.wav,,
2789.wav,,
2790.wav,,
2791.wav,,
2792.wav,,
2793.wav,,
2794.wav,,
2795.wav,,
2796.wav,,
2797.wav,,
2798.wav,,
2799.wav,,
2800.amr,,
2801.wav,,
2802.mp3,,
2803.wav,,
2804.wav,,
2805.wav,,
2806.wav,,
2807.wav,,
2808.amr,,
2809.wav,,
2810.amr,,
2811.wav,,
2812.wav,,
2813.wav,,
2814.wav,,
2815.wav,,
2816.wav,,
2817.amr,,
2818.wav,,
2819.wav,,
2820.wav,,
2821.wav,,
2822.wav,,
2823.wav,,
2824.wav,,
2825.wav,,
2826.wav,,
2827.wav,,
2828.amr,,
2829.wav,,
2830.amr,,
2831.wav,,
2832.wav,,
2833.wav,,
2834.wav,,
2835.wav,,
2836.wav,,
2837.wav,,
2838.wav,,
2839.wav,,
2840.wav,,
2841.wav,,
2842.wav,,
2843.wav,,
2844.wav,,
2845.wav,,
2846.wav,,
2847.wav,,
2848.amr,,
2849.wav,,
2850.wav,,
2851.wav,,
2852.wav,,
2853.wav,,
2854.wav,,
2855.wav,,
2856.wav,,
2857.wav,,
2858.wav,,
2859.wav,,
2860.wav,,
2861.wav,,
2862.wav,,
2863.wav,,
2864.wav,,
2865.amr,,
2866.wav,,
2867.wav,,
2868.wav,,
2869.wav,,
2870.wav,,
2871.wav,,
2872.wav,,
2873.wav,,
2874.wav,,
2875.wav,,
2876.amr,,
2877.wav,,
2878.wav,,
2879.wav,,
2880.wav,,
2881.wav,,
2882.wav,,
2883.wav,,
2884.wav,,
2885.wav,,
2886.wav,,
2887.wav,,
2888.wav,,
2889.wav,,
2890.wav,,
2891.wav,,
2892.wav,,
2893.wav,,
2894.amr,,
2895.wav,,
2896.wav,,
2897.wav,,
2898.wav,,
2899.wav,,
2900.wav,,
2901.wav,,
2902.wav,,
2903.wav,,
2904.wav,,
2905.wav,,
2906.wav,,
2907.wav,,
2908.wav,,
2909.wav,,
2910.wav,,
2911.wav,,
2912.wav,,
2913.wav,,
2914.wav,,
2915.wav,,
2916.wav,,
2917.wav,,
2918.wav,,
2919.wav,,
2920.amr,,
2921.wav,,
2922.wav,,
2923.wav,,
2924.wav,,
2925.wav,,
2926.wav,,
2927.wav,,
2928.wav,,
2929.wav,,
2930.wav,,
2931.wav,,
2932.wav,,
2933.wav,,
2934.wav,,
2935.wav,,
2936.wav,,
2937.wav,,
2938.wav,,
2939.wav,,
2940.wav,,
2941.wav,,
2942.wav,,
2943.wav,,
2944.wav,,
2945.wav,,
2946.wav,,
2947.wav,,
2948.wav,,
2949.wav,,
2950.wav,,
2951.wav,,
2952.wav,,
2953.wav,,
2954.wav,,
2955.wav,,
2956.wav,,
2957.wav,,
2958.wav,,
2959.wav,,
2960.amr,,
2961.wav,,
2962.wav,,
2963.amr,,
2964.wav,,
2965.wav,,
2966.wav,,
2967.wav,,
2968.wav,,
2969.wav,,
2970.wav,,
2971.wav,,
2972.wav,,
2973.wav,,
2974.wav,,
2975.wav,,
2976.wav,,
2977.wav,,
2978.wav,,
2979.wav,,
2980.wav,,
2981.wav,,
2982.wav,,
2983.wav,,
2984.wav,,
2985.wav,,
2986.amr,,
2987.mp3,,
2988.wav,,
2989.wav,,
2990.wav,,
2991.wav,,
2992.wav,,
2993.wav,,
2994.wav,,
2995.wav,,
2996.wav,,
2997.wav,,
2998.amr,,
2999.amr,,
3000.wav,,
3001.wav,,
3002.wav,,
3003.wav,,
3004.wav,,
3005.wav,,
3006.wav,,
3007.wav,,
3008.wav,,
3009.wav,,
3010.wav,,
3011.wav,,
3012.wav,,
3013.wav,,
3014.wav,,
3015.wav,,
3016.wav,,
3017.wav,,
3018.wav,,
3019.wav,,
3020.wav,,
3021.wav,,
3022.wav,,
3023.wav,,
3024.wav,,
3025.wav,,
3026.wav,,
3027.wav,,
3028.wav,,
3029.wav,,
3030.wav,,
3031.wav,,
3032.wav,,
3033.wav,,
3034.wav,,
3035.wav,,
3036.wav,,
3037.wav,,
3038.wav,,
3039.wav,,
3040.wav,,
3041.wav,,
3042.wav,,
3043.wav,,
3044.wav,,
3045.wav,,
3046.wav,,
3047.wav,,
3048.amr,,
3049.wav,,
3050.wav,,
3051.wav,,
3052.wav,,
3053.wav,,
3054.wav,,
3055.wav,,
3056.amr,,
3057.wav,,
3058.wav,,
3059.wav,,
3060.wav,,
3061.wav,,
3062.wav,,
3063.wav,,
3064.wav,,
3065.wav,,
3066.wav,,
3067.wav,,
3068.wav,,
3069.wav,,
3070.wav,,
3071.wav,,
3072.wav,,
3073.wav,,
3074.wav,,
3075.amr,,
3076.wav,,
3077.wav,,
3078.wav,,
3079.wav,,
3080.amr,,
3081.wav,,
3082.wav,,
3083.amr,,
3084.wav,,
3085.wav,,
3086.wav,,
3087.wav,,
3088.amr,,
3089.wav,,
3090.wav,,
3091.wav,,
3092.wav,,
3093.wav,,
3094.wav,,
3095.wav,,
3096.wav,,
3097.wav,,
3098.wav,,
3099.wav,,
3100.wav,,
3101.wav,,
3102.wav,,
3103.amr,,
3104.wav,,
3105.wav,,
3106.wav,,
3107.wav,,
3108.wav,,
3109.wav,,
3110.wav,,
3111.amr,,
3112.wav,,
3113.amr,,
3114.wav,,
3115.wav,,
3116.wav,,
3117.wav,,
3118.wav,,
3119.wav,,
3120.amr,,
3121.wav,,
3122.wav,,
3123.wav,,
3124.wav,,
3125.wav,,
3126.mp3,,
3127.wav,,
3128.wav,,
3129.wav,,
3130.wav,,
3131.amr,,
3132.wav,,
3133.wav,,
3134.wav,,
3135.wav,,
3136.wav,,
3137.wav,,
3138.wav,,
3139.mp3,,
3140.wav,,
3141.amr,,
3142.wav,,
3143.wav,,
3144.wav,,
3145.wav,,
3146.wav,,
3147.amr,,
3148.wav,,
3149.wav,,
3150.wav,,
3151.wav,,
3152.amr,,
3153.wav,,
3154.wav,,
3155.wav,,
3156.wav,,
3157.wav,,
3158.wav,,
3159.wav,,
3160.wav,,
3161.wav,,
3162.amr,,
3163.amr,,
3164.wav,,
3165.wav,,
3166.wav,,
3167.wav,,
3168.wav,,
3169.wav,,
3170.wav,,
3171.amr,,
3172.wav,,
3173.wav,,
3174.wav,,
3175.wav,,
3176.wav,,
3177.wav,,
3178.amr,,
3179.amr,,
3180.wav,,
3181.wav,,
3182.wav,,
3183.mp3,,
3184.wav,,
3185.wav,,
3186.mp3,,
3187.wav,,
3188.wav,,
3189.wav,,
3190.wav,,
3191.wav,,
3192.wav,,
3193.wav,,
3194.wav,,
3195.wav,,
3196.amr,,
3197.wav,,
3198.wav,,
3199.wav,,
3200.wav,,
3201.wav,,
3202.wav,,
3203.wav,,
3204.wav,,
3205.wav,,
3206.wav,,
3207.wav,,
3208.wav,,
3209.wav,,
3210.wav,,
3211.wav,,
3212.amr,,
3213.wav,,
3214.wav,,
3215.wav,,
3216.wav,,
3217.amr,,
3218.wav,,
3219.wav,,
3220.wav,,
3221.wav,,
3222.wav,,
3223.wav,,
3224.wav,,
3225.wav,,
3226.wav,,
3227.wav,,
3228.wav,,
3229.wav,,
3230.wav,,
3231.wav,,
3232.wav,,
3233.wav,,
3234.wav,,
3235.wav,,
3236.wav,,
3237.wav,,
3238.wav,,
3239.wav,,
3240.wav,,
3241.wav,,
3242.wav,,
3243.amr,,
3244.wav,,
3245.wav,,
3246.wav,,
3247.wav,,
3248.wav,,
3249.wav,,
3250.wav,,
3251.wav,,
3252.wav,,
3253.wav,,
3254.wav,,
3255.wav,,
3256.wav,,
3257.wav,,
3258.wav,,
3259.wav,,
3260.wav,,
3261.wav,,
3262.wav,,
3263.wav,,
3264.wav,,
3265.wav,,
3266.amr,,
3267.wav,,
3268.amr,,
3269.wav,,
3270.wav,,
3271.wav,,
3272.wav,,
3273.wav,,
3274.wav,,
3275.wav,,
3276.wav,,
3277.wav,,
3278.wav,,
3279.wav,,
3280.wav,,
3281.wav,,
3282.wav,,
3283.wav,,
3284.wav,,
3285.wav,,
3286.amr,,
3287.wav,,
3288.wav,,
3289.wav,,
3290.wav,,
3291.wav,,
3292.wav,,
3293.wav,,
3294.wav,,
3295.wav,,
3296.wav,,
3297.wav,,
3298.wav,,
3299.wav,,
3300.wav,,
3301.wav,,
3302.wav,,
3303.wav,,
3304.wav,,
3305.wav,,
3306.wav,,
3307.wav,,
3308.wav,,
3309.amr,,
3310.wav,,
3311.wav,,
3312.wav,,
3313.wav,,
3314.wav,,
3315.wav,,
3316.wav,,
3317.wav,,
3318.wav,,
3319.wav,,
3320.wav,,
3321.wav,,
3322.wav,,
3323.wav,,
3324.wav,,
3325.wav,,
3326.wav,,
3327.wav,,
3328.wav,,
3329.wav,,
3330.wav,,
3331.wav,,
3332.wav,,
3333.wav,,
3334.amr,,
3335.wav,,
3336.wav,,
3337.wav,,
3338.wav,,
3339.wav,,
3340.amr,,
3341.wav,,
3342.wav,,
3343.wav,,
3344.wav,,
3345.wav,,
3346.wav,,
3347.wav,,
3348.wav,,
3349.wav,,
3350.wav,,
3351.wav,,
3352.wav,,
3353.wav,,
3354.wav,,
3355.wav,,
3356.wav,,
3357.wav,,
3358.wav,,
3359.wav,,
3360.amr,,
3361.wav,,
3362.wav,,
3363.wav,,
3364.wav,,
3365.wav,,
3366.wav,,
3367.wav,,
3368.wav,,
3369.wav,,
3370.wav,,
3371.wav,,
3372.wav,,
3373.wav,,
3374.wav,,
3375.wav,,
3376.mp3,,
3377.wav,,
3378.wav,,
3379.wav,,
3380.wav,,
3381.wav,,
3382.wav,,
3383.wav,,
3384.wav,,
3385.wav,,
3386.wav,,
3387.wav,,
3388.wav,,
3389.wav,,
3390.amr,,
3391.amr,,
3392.wav,,
3393.wav,,
3394.wav,,
3395.wav,,
3396.wav,,
3397.wav,,
3398.amr,,
3399.wav,,
3400.wav,,
3401.wav,,
3402.wav,,
3403.wav,,
3404.wav,,
3405.wav,,
3406.wav,,
3407.wav,,
3408.wav,,
3409.wav,,
3410.wav,,
3411.wav,,
3412.wav,,
3413.wav,,
3414.wav,,
3415.wav,,
3416.wav,,
3417.amr,,
3418.wav,,
3419.wav,,
3420.wav,,
3421.wav,,
3422.wav,,
3423.wav,,
3424.wav,,
3425.wav,,
3426.wav,,
3427.wav,,
3428.wav,,
3429.amr,,
3430.wav,,
3431.wav,,
3432.wav,,
3433.wav,,
3434.wav,,
3435.wav,,
3436.wav,,
3437.wav,,
3438.wav,,
3439.wav,,
3440.wav,,
3441.wav,,
3442.wav,,
3443.wav,,
3444.wav,,
3445.wav,,
3446.wav,,
3447.wav,,
3448.amr,,
3449.wav,,
3450.wav,,
3451.wav,,
3452.wav,,
3453.wav,,
3454.wav,,
3455.wav,,
3456.amr,,
3457.wav,,
3458.wav,,
3459.wav,,
3460.wav,,
3461.wav,,
3462.wav,,
3463.wav,,
3464.wav,,
3465.wav,,
3466.wav,,
3467.wav,,
3468.wav,,
3469.wav,,
3470.wav,,
3471.wav,,
3472.wav,,
3473.wav,,
3474.wav,,
3475.wav,,
3476.amr,,
3477.wav,,
3478.wav,,
3479.wav,,
3480.wav,,
3481.wav,,
3482.wav,,
3483.wav,,
3484.wav,,
3485.wav,,
3486.wav,,
3487.wav,,
3488.wav,,
3489.wav,,
3490.wav,,
3491.wav,,
3492.wav,,
3493.wav,,
3494.wav,,
3495.wav,,
3496.wav,,
3497.wav,,
3498.wav,,
3499.wav,,
3500.wav,,
3501.wav,,
3502.wav,,
3503.wav,,
3504.wav,,
3505.wav,,
3506.wav,,
3507.wav,,
3508.wav,,
3509.wav,,
3510.wav,,
3511.wav,,
3512.wav,,
3513.wav,,
3514.wav,,
3515.wav,,
3516.wav,,
3517.wav,,
3518.wav,,
3519.wav,,
3520.wav,,
3521.wav,,
3522.wav,,
3523.wav,,
3524.wav,,
3525.amr,,
3526.wav,,
3527.wav,,
3528.wav,,
3529.wav,,
3530.wav,,
3531.wav,,
3532.wav,,
3533.wav,,
3534.wav,,
3535.wav,,
3536.wav,,
3537.wav,,
3538.wav,,
3539.wav,,
3540.wav,,
3541.wav,,
3542.wav,,
3543.wav,,
3544.wav,,
3545.wav,,
3546.wav,,
3547.wav,,
3548.wav,,
3549.wav,,
3550.wav,,
3551.wav,,
3552.wav,,
3553.wav,,
3554.wav,,
3555.wav,,
3556.wav,,
3557.amr,,
3558.wav,,
3559.wav,,
3560.wav,,
3561.wav,,
3562.wav,,
3563.amr,,
3564.wav,,
3565.wav,,
3566.wav,,
3567.amr,,
3568.wav,,
3569.wav,,
3570.wav,,
3571.amr,,
3572.wav,,
3573.wav,,
3574.wav,,
3575.wav,,
3576.wav,,
3577.wav,,
3578.wav,,
3579.wav,,
3580.wav,,
3581.wav,,
3582.wav,,
3583.wav,,
3584.wav,,
3585.wav,,
3586.wav,,
3587.wav,,
3588.mp3,,
3589.wav,,
3590.wav,,
3591.wav,,
3592.wav,,
3593.wav,,
3594.wav,,
3595.wav,,
3596.wav,,
3597.wav,,
3598.wav,,
3599.wav,,
3600.amr,,
3601.wav,,
3602.wav,,
3603.wav,,
3604.wav,,
3605.wav,,
3606.wav,,
3607.wav,,
3608.wav,,
3609.wav,,
3610.wav,,
3611.amr,,
3612.mp3,,
3613.wav,,
3614.wav,,
3615.wav,,
3616.wav,,
3617.amr,,
3618.wav,,
3619.wav,,
3620.wav,,
3621.mp3,,
3622.mp3,,
3623.amr,,
3624.wav,,
3625.mp3,,
3626.mp3,,
3627.mp3,,
3628.mp3,,
3629.amr,,
3630.mp3,,
3631.wav,,
3632.mp3,,
3633.wav,,
3634.mp3,,
3635.mp3,,
3636.wav,,
3637.wav,,
3638.amr,,
3639.mp3,,
3640.wav,,
3641.wav,,
3642.mp3,,
3643.mp3,,
3644.mp3,,
3645.mp3,,
3646.mp3,,
3647.mp3,,
3648.amr,,
3649.amr,,
3650.wav,,
3651.wav,,
3652.wav,,
3653.mp3,,
3654.mp3,,
3655.mp3,,
3656.amr,,
3657.mp3,,
3658.wav,,
3659.wav,,
3660.wav,,
3661.wav,,
3662.mp3,,
3663.mp3,,
3664.wav,,
3665.mp3,,
3666.mp3,,
3667.wav,,
3668.mp3,,
3669.mp3,,
3670.mp3,,
3671.mp3,,
3672.amr,,
3673.wav,,
3674.wav,,
3675.mp3,,
3676.mp3,,
3677.amr,,
3678.amr,,
3679.wav,,
3680.wav,,
3681.mp3,,
3682.wav,,
3683.wav,,
3684.mp3,,
3685.mp3,,
3686.wav,,
3687.wav,,
3688.wav,,
3689.mp3,,
3690.mp3,,
3691.mp3,,
3692.amr,,
3693.wav,,
3694.mp3,,
3695.wav,,
3696.wav,,
3697.mp3,,
3698.wav,,
3699.wav,,
3700.mp3,,
3701.wav,,
3702.amr,,
3703.mp3,,
3704.wav,,
3705.mp3,,
3706.wav,,
3707.mp3,,
3708.mp3,,
3709.wav,,
3710.amr,,
3711.amr,,
3712.amr,,
3713.mp3,,
3714.mp3,,
3715.mp3,,
3716.mp3,,
3717.mp3,,
3718.wav,,
3719.amr,,
3720.mp3,,
3721.wav,,
3722.wav,,
3723.mp3,,
3724.wav,,
3725.amr,,
3726.mp3,,
3727.mp3,,
3728.wav,,
3729.amr,,
3730.mp3,,
3731.amr,,
3732.wav,,
3733.wav,,
3734.mp3,,
3735.wav,,
3736.mp3,,
3737.mp3,,
3738.wav,,
3739.wav,,
3740.mp3,,
3741.mp3,,
3742.wav,,
3743.wav,,
3744.mp3,,
3745.mp3,,
3746.wav,,
3747.mp3,,
3748.mp3,,
3749.mp3,,
3750.wav,,
3751.wav,,
3752.wav,,
3753.wav,,
3754.wav,,
3755.amr,,
3756.wav,,
3757.amr,,
3758.wav,,
3759.mp3,,
3760.mp3,,
3761.wav,,
3762.amr,,
3763.wav,,
3764.mp3,,
3765.mp3,,
3766.mp3,,
3767.mp3,,
3768.mp3,,
3769.mp3,,
3770.mp3,,
3771.wav,,
3772.wav,,
3773.wav,,
3774.amr,,
3775.mp3,,
3776.mp3,,
3777.wav,,
3778.wav,,
3779.wav,,
3780.amr,,
3781.wav,,
3782.mp3,,
3783.wav,,
3784.mp3,,
3785.mp3,,
3786.amr,,
3787.mp3,,
3788.wav,,
3789.mp3,,
3790.mp3,,
3791.wav,,
3792.mp3,,
3793.mp3,,
3794.wav,,
3795.wav,,
3796.mp3,,
3797.amr,,
3798.mp3,,
3799.mp3,,
3800.wav,,
3801.mp3,,
3802.mp3,,
3803.wav,,
3804.wav,,
3805.mp3,,
3806.mp3,,
3807.amr,,
3808.amr,,
3809.wav,,
3810.mp3,,
3811.mp3,,
3812.mp3,,
3813.mp3,,
3814.wav,,
3815.wav,,
3816.wav,,
3817.wav,,
3818.mp3,,
3819.wav,,
3820.wav,,
3821.amr,,
3822.mp3,,
3823.wav,,
3824.wav,,
3825.wav,,
3826.wav,,
3827.wav,,
3828.mp3,,
3829.mp3,,
3830.wav,,
3831.wav,,
3832.wav,,
3833.mp3,,
3834.mp3,,
3835.wav,,
3836.wav,,
3837.mp3,,
3838.wav,,
3839.wav,,
3840.wav,,
3841.wav,,
3842.mp3,,
3843.wav,,
3844.amr,,
3845.mp3,,
3846.wav,,
3847.wav,,
3848.mp3,,
3849.wav,,
3850.wav,,
3851.mp3,,
3852.wav,,
3853.mp3,,
3854.mp3,,
3855.mp3,,
3856.mp3,,
3857.wav,,
3858.wav,,
3859.wav,,
3860.amr,,
3861.mp3,,
3862.wav,,
3863.mp3,,
3864.wav,,
3865.wav,,
3866.mp3,,
3867.mp3,,
3868.wav,,
3869.wav,,
3870.mp3,,
3871.mp3,,
3872.amr,,
3873.mp3,,
3874.mp3,,
3875.mp3,,
3876.mp3,,
3877.wav,,
3878.wav,,
3879.wav,,
3880.wav,,
3881.wav,,
3882.mp3,,
3883.amr,,
3884.mp3,,
3885.wav,,
3886.wav,,
3887.amr,,
3888.mp3,,
3889.mp3,,
3890.wav,,
3891.amr,,
3892.wav,,
3893.mp3,,
3894.mp3,,
3895.wav,,
3896.mp3,,
3897.mp3,,
3898.wav,,
3899.wav,,
3900.amr,,
3901.wav,,
3902.mp3,,
3903.mp3,,
3904.wav,,
3905.mp3,,
3906.mp3,,
3907.mp3,,
3908.mp3,,
3909.wav,,
3910.amr,,
3911.wav,,
3912.wav,,
3913.mp3,,
3914.wav,,
3915.wav,,
3916.mp3,,
3917.wav,,
3918.wav,,
3919.wav,,
3920.amr,,
3921.amr,,
3922.wav,,
3923.wav,,
3924.amr,,
3925.wav,,
3926.wav,,
3927.wav,,
3928.mp3,,
3929.mp3,,
3930.wav,,
3931.wav,,
3932.mp3,,
3933.mp3,,
3934.amr,,
3935.mp3,,
3936.mp3,,
3937.wav,,
3938.mp3,,
3939.amr,,
3940.mp3,,
3941.wav,,
3942.wav,,
3943.mp3,,
3944.mp3,,
3945.mp3,,
3946.amr,,
3947.wav,,
3948.mp3,,
3949.wav,,
3950.mp3,,
3951.amr,,
3952.mp3,,
3953.mp3,,
3954.wav,,
3955.wav,,
3956.wav,,
3957.mp3,,
3958.amr,,
3959.wav,,
3960.mp3,,
3961.amr,,
3962.mp3,,
3963.wav,,
3964.wav,,
3965.wav,,
3966.mp3,,
3967.mp3,,
3968.wav,,
3969.mp3,,
3970.wav,,
3971.mp3,,
3972.wav,,
3973.amr,,
3974.mp3,,
3975.mp3,,
3976.wav,,
3977.wav,,
3978.mp3,,
3979.mp3,,
3980.wav,,
3981.mp3,,
3982.wav,,
3983.mp3,,
3984.amr,,
3985.mp3,,
3986.mp3,,
3987.amr,,
3988.mp3,,
3989.wav,,
3990.wav,,
3991.wav,,
3992.mp3,,
3993.wav,,
3994.mp3,,
3995.mp3,,
3996.wav,,
3997.mp3,,
3998.wav,,
3999.wav,,
4000.wav,,
4001.mp3,,
4002.mp3,,
4003.wav,,
4004.wav,,
4005.wav,,
4006.amr,,
4007.mp3,,
4008.amr,,
4009.wav,,
4010.wav,,
4011.mp3,,
4012.wav,,
4013.mp3,,
4014.wav,,
4015.amr,,
4016.mp3,,
4017.wav,,
4018.wav,,
4019.wav,,
4020.wav,,
4021.mp3,,
4022.mp3,,
4023.amr,,
4024.wav,,
4025.mp3,,
4026.mp3,,
4027.mp3,,
4028.mp3,,
4029.mp3,,
4030.wav,,
4031.amr,,
4032.mp3,,
4033.mp3,,
4034.mp3,,
4035.wav,,
4036.wav,,
4037.mp3,,
4038.mp3,,
4039.mp3,,
4040.mp3,,
4041.mp3,,
4042.wav,,
4043.mp3,,
4044.wav,,
4045.wav,,
4046.mp3,,
4047.amr,,
4048.wav,,
4049.mp3,,
4050.wav,,
4051.amr,,
4052.mp3,,
4053.amr,,
4054.wav,,
4055.wav,,
4056.mp3,,
4057.mp3,,
4058.wav,,
4059.wav,,
4060.mp3,,
4061.wav,,
4062.mp3,,
4063.amr,,
4064.mp3,,
4065.amr,,
4066.mp3,,
4067.mp3,,
4068.mp3,,
4069.mp3,,
4070.mp3,,
4071.wav,,
4072.wav,,
4073.mp3,,
4074.wav,,
4075.wav,,
4076.mp3,,
4077.wav,,
4078.mp3,,
4079.mp3,,
4080.mp3,,
4081.mp3,,
4082.mp3,,
4083.mp3,,
4084.wav,,
4085.mp3,,
4086.mp3,,
4087.amr,,
4088.wav,,
4089.wav,,
4090.mp3,,
4091.mp3,,
4092.wav,,
4093.wav,,
4094.mp3,,
4095.amr,,
4096.amr,,
4097.mp3,,
4098.wav,,
4099.amr,,
4100.mp3,,
4101.wav,,
4102.mp3,,
4103.wav,,
4104.mp3,,
4105.mp3,,
4106.amr,,
4107.mp3,,
4108.mp3,,
4109.wav,,
4110.mp3,,
4111.wav,,
4112.wav,,
4113.wav,,
4114.wav,,
4115.wav,,
4116.amr,,
4117.mp3,,
4118.wav,,
4119.mp3,,
4120.mp3,,
4121.amr,,
4122.wav,,
4123.mp3,,
4124.mp3,,
4125.mp3,,
4126.mp3,,
4127.amr,,
4128.wav,,
4129.mp3,,
4130.amr,,
4131.wav,,
4132.wav,,
4133.mp3,,
4134.wav,,
4135.wav,,
4136.mp3,,
4137.wav,,
4138.amr,,
4139.mp3,,
4140.amr,,
4141.wav,,
4142.amr,,
4143.mp3,,
4144.wav,,
4145.wav,,
4146.wav,,
4147.mp3,,
4148.wav,,
4149.wav,,
4150.wav,,
4151.wav,,
4152.mp3,,
4153.mp3,,
4154.wav,,
4155.mp3,,
4156.wav,,
4157.wav,,
4158.mp3,,
4159.wav,,
4160.mp3,,
4161.mp3,,
4162.wav,,
4163.mp3,,
4164.wav,,
4165.wav,,
4166.mp3,,
4167.wav,,
4168.wav,,
4169.mp3,,
4170.mp3,,
4171.wav,,
4172.amr,,
4173.wav,,
4174.wav,,
4175.wav,,
4176.mp3,,
4177.wav,,
4178.mp3,,
4179.wav,,
4180.wav,,
4181.wav,,
4182.mp3,,
4183.wav,,
4184.wav,,
4185.amr,,
4186.wav,,
4187.mp3,,
4188.mp3,,
4189.amr,,
4190.mp3,,
4191.mp3,,
4192.mp3,,
4193.wav,,
4194.mp3,,
4195.amr,,
4196.amr,,
4197.wav,,
4198.amr,,
4199.amr,,
4200.wav,,
4201.mp3,,
4202.wav,,
4203.wav,,
4204.mp3,,
4205.mp3,,
4206.mp3,,
4207.mp3,,
4208.mp3,,
4209.wav,,
4210.wav,,
4211.amr,,
4212.wav,,
4213.mp3,,
4214.wav,,
4215.wav,,
4216.wav,,
4217.wav,,
4218.mp3,,
4219.mp3,,
4220.mp3,,
4221.mp3,,
4222.wav,,
4223.amr,,
4224.amr,,
4225.mp3,,
4226.amr,,
4227.amr,,
4228.wav,,
4229.wav,,
4230.mp3,,
4231.wav,,
4232.amr,,
4233.mp3,,
4234.mp3,,
4235.wav,,
4236.mp3,,
4237.wav,,
4238.amr,,
4239.wav,,
4240.wav,,
4241.wav,,
4242.mp3,,
4243.wav,,
4244.amr,,
4245.amr,,
4246.wav,,
4247.wav,,
4248.mp3,,
4249.mp3,,
4250.wav,,
4251.wav,,
4252.wav,,
4253.mp3,,
4254.amr,,
4255.mp3,,
4256.wav,,
4257.mp3,,
4258.wav,,
4259.mp3,,
4260.mp3,,
4261.wav,,
4262.amr,,
4263.amr,,
4264.amr,,
4265.mp3,,
4266.mp3,,
4267.mp3,,
4268.wav,,
4269.amr,,
4270.wav,,
4271.amr,,
4272.wav,,
4273.wav,,
4274.amr,,
4275.mp3,,
4276.wav,,
4277.amr,,
4278.amr,,
4279.wav,,
4280.mp3,,
4281.wav,,
4282.wav,,
4283.mp3,,
4284.wav,,
4285.wav,,
4286.wav,,
4287.mp3,,
4288.wav,,
4289.wav,,
4290.wav,,
4291.mp3,,
4292.amr,,
4293.mp3,,
4294.mp3,,
4295.mp3,,
4296.wav,,
4297.wav,,
4298.wav,,
4299.wav,,
4300.mp3,,
4301.wav,,
4302.mp3,,
4303.wav,,
4304.mp3,,
4305.wav,,
4306.wav,,
4307.mp3,,
4308.mp3,,
4309.wav,,
4310.mp3,,
4311.mp3,,
4312.wav,,
4313.wav,,
4314.wav,,
4315.wav,,
4316.mp3,,
4317.amr,,
4318.wav,,
4319.mp3,,
4320.mp3,,
4321.mp3,,
4322.amr,,
4323.wav,,
4324.mp3,,
4325.mp3,,
4326.mp3,,
4327.wav,,
4328.wav,,
4329.mp3,,
4330.mp3,,
4331.mp3,,
4332.wav,,
4333.wav,,
4334.amr,,
4335.mp3,,
4336.wav,,
4337.mp3,,
4338.wav,,
4339.wav,,
4340.mp3,,
4341.mp3,,
4342.mp3,,
4343.wav,,
4344.wav,,
4345.wav,,
4346.wav,,
4347.wav,,
4348.wav,,
4349.wav,,
4350.wav,,
4351.wav,,
4352.mp3,,
4353.mp3,,
4354.wav,,
4355.amr,,
4356.mp3,,
4357.wav,,
4358.wav,,
4359.mp3,,
4360.wav,,
4361.mp3,,
4362.wav,,
4363.mp3,,
4364.wav,,
4365.wav,,
4366.mp3,,
4367.mp3,,
4368.amr,,
4369.amr,,
4370.amr,,
4371.mp3,,
4372.wav,,
4373.wav,,
4374.amr,,
4375.amr,,
4376.wav,,
4377.amr,,
4378.mp3,,
4379.mp3,,
4380.wav,,
4381.mp3,,
4382.amr,,
4383.amr,,
4384.mp3,,
4385.mp3,,
4386.mp3,,
4387.mp3,,
4388.mp3,,
4389.mp3,,
4390.wav,,
4391.amr,,
4392.mp3,,
4393.mp3,,
4394.mp3,,
4395.mp3,,
4396.wav,,
4397.amr,,
4398.wav,,
4399.mp3,,
4400.mp3,,
4401.mp3,,
4402.mp3,,
4403.wav,,
4404.mp3,,
4405.wav,,
4406.wav,,
4407.mp3,,
4408.wav,,
4409.amr,,
4410.mp3,,
4411.amr,,
4412.wav,,
4413.mp3,,
4414.mp3,,
4415.mp3,,
4416.wav,,
4417.mp3,,
4418.wav,,
4419.mp3,,
4420.wav,,
4421.wav,,
4422.wav,,
4423.wav,,
4424.mp3,,
4425.wav,,
4426.wav,,
4427.mp3,,
4428.wav,,
4429.wav,,
4430.mp3,,
4431.wav,,
4432.wav,,
4433.amr,,
4434.wav,,
4435.wav,,
4436.wav,,
4437.amr,,
4438.mp3,,
4439.mp3,,
4440.wav,,
4441.mp3,,
4442.wav,,
4443.mp3,,
4444.mp3,,
4445.amr,,
4446.mp3,,
4447.mp3,,
4448.wav,,
4449.amr,,
4450.mp3,,
4451.mp3,,
4452.wav,,
4453.wav,,
4454.mp3,,
4455.wav,,
4456.amr,,
4457.wav,,
4458.wav,,
4459.wav,,
4460.wav,,
4461.wav,,
4462.wav,,
4463.wav,,
4464.amr,,
4465.wav,,
4466.mp3,,
4467.wav,,
4468.mp3,,
4469.mp3,,
4470.mp3,,
4471.wav,,
4472.wav,,
4473.wav,,
4474.mp3,,
4475.mp3,,
4476.mp3,,
4477.mp3,,
4478.wav,,
4479.mp3,,
4480.mp3,,
4481.amr,,
4482.mp3,,
4483.wav,,
4484.amr,,
4485.wav,,
4486.mp3,,
4487.mp3,,
4488.mp3,,
4489.wav,,
4490.wav,,
4491.mp3,,
4492.wav,,
4493.amr,,
4494.mp3,,
4495.mp3,,
4496.mp3,,
4497.mp3,,
4498.wav,,
4499.amr,,
4500.amr,,
4501.wav,,
4502.mp3,,
4503.mp3,,
4504.mp3,,
4505.mp3,,
4506.wav,,
4507.mp3,,
4508.mp3,,
4509.wav,,
4510.mp3,,
4511.mp3,,
4512.wav,,
4513.mp3,,
4514.mp3,,
4515.wav,,
4516.wav,,
4517.wav,,
4518.wav,,
4519.amr,,
4520.mp3,,
4521.mp3,,
4522.mp3,,
4523.mp3,,
4524.wav,,
4525.wav,,
4526.amr,,
4527.wav,,
4528.amr,,
4529.wav,,
4530.wav,,
4531.wav,,
4532.wav,,
4533.mp3,,
4534.wav,,
4535.amr,,
4536.mp3,,
4537.mp3,,
4538.mp3,,
4539.mp3,,
4540.wav,,
4541.mp3,,
4542.mp3,,
4543.wav,,
4544.mp3,,
4545.wav,,
4546.amr,,
4547.mp3,,
4548.mp3,,
4549.wav,,
4550.amr,,
4551.mp3,,
4552.wav,,
4553.mp3,,
4554.amr,,
4555.wav,,
4556.wav,,
4557.mp3,,
4558.wav,,
4559.mp3,,
4560.wav,,
4561.mp3,,
4562.wav,,
4563.mp3,,
4564.mp3,,
4565.wav,,
4566.wav,,
4567.wav,,
4568.mp3,,
4569.wav,,
4570.mp3,,
4571.mp3,,
4572.mp3,,
4573.mp3,,
4574.mp3,,
4575.wav,,
4576.mp3,,
4577.mp3,,
4578.mp3,,
4579.wav,,
4580.mp3,,
4581.mp3,,
4582.wav,,
4583.wav,,
4584.wav,,
4585.mp3,,
4586.mp3,,
4587.mp3,,
4588.wav,,
4589.amr,,
4590.mp3,,
4591.mp3,,
4592.mp3,,
4593.wav,,
4594.amr,,
4595.wav,,
4596.amr,,
4597.wav,,
4598.mp3,,
4599.mp3,,
4600.amr,,
4601.amr,,
4602.mp3,,
4603.wav,,
4604.amr,,
4605.mp3,,
4606.mp3,,
4607.wav,,
4608.amr,,
4609.mp3,,
4610.mp3,,
4611.amr,,
4612.mp3,,
4613.wav,,
4614.wav,,
4615.mp3,,
4616.wav,,
4617.mp3,,
4618.mp3,,
4619.mp3,,
4620.mp3,,
4621.amr,,
4622.amr,,
4623.mp3,,
4624.mp3,,
4625.mp3,,
4626.wav,,
4627.mp3,,
4628.amr,,
4629.wav,,
4630.amr,,
4631.mp3,,
4632.mp3,,
4633.amr,,
4634.wav,,
4635.wav,,
4636.amr,,
4637.amr,,
4638.amr,,
4639.mp3,,
4640.mp3,,
4641.mp3,,
4642.amr,,
4643.mp3,,
4644.wav,,
4645.mp3,,
4646.wav,,
4647.wav,,
4648.mp3,,
4649.mp3,,
4650.mp3,,
4651.wav,,
4652.mp3,,
4653.mp3,,
4654.wav,,
4655.wav,,
4656.mp3,,
4657.wav,,
4658.amr,,
4659.amr,,
4660.mp3,,
4661.wav,,
4662.mp3,,
4663.mp3,,
4664.wav,,
4665.mp3,,
4666.mp3,,
4667.mp3,,
4668.mp3,,
4669.wav,,
4670.wav,,
4671.wav,,
4672.wav,,
4673.wav,,
4674.mp3,,
4675.mp3,,
4676.mp3,,
4677.wav,,
4678.wav,,
4679.mp3,,
4680.mp3,,
4681.mp3,,
4682.mp3,,
4683.amr,,
4684.wav,,
4685.wav,,
4686.amr,,
4687.mp3,,
4688.wav,,
4689.wav,,
4690.wav,,
4691.wav,,
4692.wav,,
4693.mp3,,
4694.mp3,,
4695.wav,,
4696.mp3,,
4697.mp3,,
4698.wav,,
4699.amr,,
4700.mp3,,
4701.mp3,,
4702.wav,,
4703.mp3,,
4704.mp3,,
4705.wav,,
4706.mp3,,
4707.mp3,,
4708.mp3,,
4709.wav,,
4710.mp3,,
4711.mp3,,
4712.mp3,,
4713.wav,,
4714.mp3,,
4715.wav,,
4716.wav,,
4717.wav,,
4718.amr,,
4719.mp3,,
4720.wav,,
4721.mp3,,
4722.wav,,
4723.wav,,
4724.wav,,
4725.mp3,,
4726.mp3,,
4727.amr,,
4728.amr,,
4729.mp3,,
4730.mp3,,
4731.wav,,
4732.wav,,
4733.wav,,
4734.wav,,
4735.mp3,,
4736.mp3,,
4737.amr,,
4738.wav,,
4739.wav,,
4740.wav,,
4741.mp3,,
4742.wav,,
4743.wav,,
4744.wav,,
4745.mp3,,
4746.mp3,,
4747.mp3,,
4748.mp3,,
4749.mp3,,
4750.wav,,
4751.amr,,
4752.mp3,,
4753.wav,,
4754.mp3,,
4755.mp3,,
4756.amr,,
4757.wav,,
4758.wav,,
4759.amr,,
4760.mp3,,
4761.mp3,,
4762.wav,,
4763.wav,,
4764.wav,,
4765.mp3,,
4766.mp3,,
4767.amr,,
4768.mp3,,
4769.amr,,
4770.amr,,
4771.mp3,,
4772.wav,,
4773.mp3,,
4774.mp3,,
4775.wav,,
4776.mp3,,
4777.wav,,
4778.mp3,,
4779.wav,,
4780.mp3,,
4781.wav,,
4782.mp3,,
4783.mp3,,
4784.mp3,,
4785.mp3,,
4786.mp3,,
4787.amr,,
4788.wav,,
4789.wav,,
4790.amr,,
4791.wav,,
4792.wav,,
4793.wav,,
4794.wav,,
4795.mp3,,
4796.mp3,,
4797.mp3,,
4798.wav,,
4799.wav,,
4800.mp3,,
4801.wav,,
4802.wav,,
4803.mp3,,
4804.amr,,
4805.wav,,
4806.wav,,
4807.wav,,
4808.wav,,
4809.mp3,,
4810.wav,,
4811.mp3,,
4812.mp3,,
4813.mp3,,
4814.mp3,,
4815.mp3,,
4816.mp3,,
4817.mp3,,
4818.amr,,
4819.mp3,,
4820.amr,,
4821.wav,,
4822.mp3,,
4823.wav,,
4824.wav,,
4825.mp3,,
4826.wav,,
4827.mp3,,
4828.wav,,
4829.wav,,
4830.amr,,
4831.mp3,,
4832.amr,,
4833.wav,,
4834.amr,,
4835.mp3,,
4836.mp3,,
4837.wav,,
4838.wav,,
4839.mp3,,
4840.mp3,,
4841.wav,,
4842.wav,,
4843.wav,,
4844.mp3,,
4845.mp3,,
4846.wav,,
4847.mp3,,
4848.mp3,,
4849.mp3,,
4850.amr,,
4851.mp3,,
4852.mp3,,
4853.mp3,,
4854.mp3,,
4855.mp3,,
4856.wav,,
4857.wav,,
4858.wav,,
4859.mp3,,
4860.wav,,
4861.mp3,,
4862.wav,,
4863.mp3,,
4864.mp3,,
4865.wav,,
4866.wav,,
4867.wav,,
4868.wav,,
4869.amr,,
4870.amr,,
4871.wav,,
4872.wav,,
4873.mp3,,
4874.mp3,,
4875.mp3,,
4876.amr,,
4877.amr,,
4878.wav,,
4879.mp3,,
4880.amr,,
4881.amr,,
4882.wav,,
4883.wav,,
4884.amr,,
4885.wav,,
4886.wav,,
4887.mp3,,
4888.mp3,,
4889.wav,,
4890.wav,,
4891.amr,,
4892.wav,,
4893.mp3,,
4894.wav,,
4895.wav,,
4896.mp3,,
4897.mp3,,
4898.mp3,,
4899.mp3,,
4900.wav,,
4901.wav,,
4902.wav,,
4903.mp3,,
4904.amr,,
4905.wav,,
4906.mp3,,
4907.mp3,,
4908.mp3,,
4909.amr,,
4910.mp3,,
4911.mp3,,
4912.amr,,
4913.wav,,
4914.wav,,
4915.amr,,
4916.wav,,
4917.wav,,
4918.wav,,
4919.mp3,,
4920.wav,,
4921.mp3,,
4922.wav,,
4923.wav,,
4924.wav,,
4925.wav,,
4926.wav,,
4927.amr,,
4928.mp3,,
4929.wav,,
4930.mp3,,
4931.mp3,,
4932.wav,,
4933.mp3,,
4934.amr,,
4935.wav,,
4936.wav,,
4937.wav,,
4938.amr,,
4939.wav,,
4940.amr,,
4941.wav,,
4942.mp3,,
4943.mp3,,
4944.wav,,
4945.wav,,
4946.wav,,
4947.mp3,,
4948.wav,,
4949.wav,,
4950.wav,,
4951.amr,,
4952.mp3,,
4953.mp3,,
4954.mp3,,
4955.wav,,
4956.wav,,
4957.mp3,,
4958.wav,,
4959.wav,,
4960.mp3,,
4961.mp3,,
4962.mp3,,
4963.wav,,
4964.wav,,
4965.wav,,
4966.amr,,
4967.wav,,
4968.wav,,
4969.wav,,
4970.mp3,,
4971.amr,,
4972.amr,,
4973.wav,,
4974.mp3,,
4975.mp3,,
4976.mp3,,
4977.mp3,,
4978.mp3,,
4979.mp3,,
4980.mp3,,
4981.wav,,
4982.mp3,,
4983.amr,,
4984.wav,,
4985.mp3,,
4986.wav,,
4987.mp3,,
4988.mp3,,
4989.wav,,
4990.wav,,
4991.mp3,,
4992.wav,,
4993.wav,,
4994.wav,,
4995.mp3,,
4996.mp3,,
4997.mp3,,
4998.wav,,
4999.amr,,
5000.mp3,,
5001.mp3,,
5002.amr,,
5003.mp3,,
5004.wav,,
5005.wav,,
5006.amr,,
5007.wav,,
5008.mp3,,
5009.wav,,
5010.wav,,
5011.mp3,,
5012.wav,,
5013.mp3,,
5014.mp3,,
5015.wav,,
5016.wav,,
5017.wav,,
5018.wav,,
5019.amr,,
5020.wav,,
5021.wav,,
5022.wav,,
5023.mp3,,
5024.wav,,
5025.mp3,,
5026.mp3,,
5027.wav,,
5028.wav,,
5029.wav,,
5030.wav,,
5031.mp3,,
5032.mp3,,
5033.mp3,,
5034.mp3,,
5035.wav,,
5036.mp3,,
5037.wav,,
5038.mp3,,
5039.mp3,,
5040.wav,,
5041.wav,,
5042.wav,,
5043.wav,,
5044.wav,,
5045.wav,,
5046.wav,,
5047.wav,,
5048.wav,,
5049.wav,,
5050.wav,,
5051.wav,,
5052.wav,,
5053.wav,,
5054.wav,,
5055.wav,,
5056.wav,,
5057.wav,,
5058.wav,,
5059.wav,,
5060.wav,,
5061.wav,,
5062.wav,,
5063.wav,,
5064.wav,,
5065.wav,,
5066.wav,,
5067.wav,,
5068.wav,,
5069.wav,,
5070.wav,,
5071.wav,,
5072.wav,,
5073.wav,,
5074.wav,,
5075.wav,,
5076.wav,,
5077.wav,,
5078.wav,,
5079.wav,,
5080.wav,,
5081.wav,,
5082.wav,,
5083.wav,,
5084.wav,,
5085.wav,,
5086.wav,,
5087.wav,,
5088.wav,,
5089.wav,,
5090.wav,,
5091.wav,,
5092.wav,,
5093.wav,,
5094.wav,,
5095.wav,,
5096.wav,,
5097.wav,,
5098.wav,,
5099.wav,,
5100.wav,,
5101.wav,,
5102.wav,,
5103.wav,,
5104.wav,,
5105.wav,,
5106.wav,,
5107.wav,,
5108.wav,,
5109.wav,,
5110.wav,,
5111.wav,,
5112.wav,,
5113.wav,,
5114.wav,,
5115.wav,,
5116.wav,,
5117.wav,,
5118.wav,,
5119.wav,,
5120.wav,,
5121.wav,,
5122.wav,,
5123.wav,,
5124.wav,,
5125.wav,,
5126.wav,,
5127.wav,,
5128.wav,,
5129.wav,,
5130.wav,,
5131.wav,,
5132.wav,,
5133.wav,,
5134.wav,,
5135.wav,,
5136.wav,,
5137.wav,,
5138.wav,,
5139.wav,,
5140.wav,,
5141.wav,,
5142.wav,,
5143.wav,,
5144.wav,,
5145.wav,,
5146.wav,,
5147.wav,,
5148.wav,,
5149.wav,,
5150.wav,,
5151.wav,,
5152.wav,,
5153.wav,,
5154.wav,,
5155.wav,,
5156.wav,,
5157.wav,,
5158.wav,,
5159.wav,,
5160.wav,,
5161.wav,,
5162.wav,,
5163.wav,,
5164.wav,,
5165.wav,,
5166.wav,,
5167.wav,,
5168.wav,,
5169.wav,,
5170.wav,,
5171.wav,,
5172.wav,,
5173.wav,,
5174.wav,,
5175.wav,,
5176.wav,,
5177.wav,,
5178.wav,,
5179.wav,,
5180.wav,,
5181.wav,,
5182.wav,,
5183.wav,,
5184.wav,,
5185.wav,,
5186.wav,,
5187.wav,,
5188.wav,,
5189.wav,,
5190.wav,,
5191.wav,,
5192.wav,,
5193.wav,,
5194.wav,,
5195.wav,,
5196.wav,,
5197.wav,,
5198.wav,,
5199.wav,,
5200.wav,,
5201.wav,,
5202.wav,,
5203.wav,,
5204.wav,,
5205.wav,,
5206.wav,,
5207.wav,,
5208.wav,,
5209.wav,,
5210.wav,,
5211.wav,,
5212.wav,,
5213.wav,,
5214.wav,,
5215.wav,,
5216.wav,,
5217.wav,,
5218.wav,,
5219.wav,,
5220.wav,,
5221.wav,,
5222.wav,,
5223.wav,,
5224.wav,,
5225.wav,,
5226.wav,,
5227.wav,,
5228.wav,,
5229.wav,,
5230.wav,,
5231.wav,,
5232.wav,,
5233.wav,,
5234.wav,,
5235.wav,,
5236.wav,,
5237.wav,,
5238.wav,,
5239.wav,,
5240.wav,,
5241.wav,,
5242.wav,,
5243.wav,,
5244.wav,,
5245.wav,,
5246.wav,,
5247.wav,,
5248.wav,,
5249.wav,,
5250.wav,,
5251.wav,,
5252.wav,,
5253.wav,,
5254.wav,,
5255.wav,,
5256.wav,,
5257.wav,,
5258.wav,,
5259.wav,,
5260.wav,,
5261.wav,,
5262.wav,,
5263.wav,,
5264.wav,,
5265.wav,,
5266.wav,,
5267.wav,,
5268.wav,,
5269.wav,,
5270.wav,,
5271.wav,,
5272.wav,,
5273.wav,,
5274.wav,,
5275.wav,,
5276.wav,,
5277.wav,,
5278.wav,,
5279.wav,,
5280.wav,,
5281.wav,,
5282.wav,,
5283.wav,,
5284.wav,,
5285.wav,,
5286.wav,,
5287.wav,,
5288.wav,,
5289.wav,,
5290.wav,,
5291.wav,,
5292.wav,,
5293.wav,,
5294.wav,,
5295.wav,,
5296.wav,,
5297.wav,,
5298.wav,,
5299.wav,,
5300.wav,,
5301.wav,,
5302.wav,,
5303.wav,,
5304.wav,,
5305.wav,,
5306.wav,,
5307.wav,,
5308.wav,,
5309.wav,,
5310.wav,,
5311.wav,,
5312.wav,,
5313.wav,,
5314.wav,,
5315.wav,,
5316.wav,,
5317.wav,,
5318.wav,,
5319.wav,,
5320.wav,,
5321.wav,,
5322.wav,,
5323.wav,,
5324.wav,,
5325.wav,,
5326.wav,,
5327.wav,,
5328.wav,,
5329.wav,,
5330.wav,,
5331.wav,,
5332.wav,,
5333.wav,,
5334.wav,,
5335.wav,,
5336.wav,,
5337.wav,,
5338.wav,,
5339.wav,,
5340.wav,,
5341.wav,,
5342.wav,,
5343.wav,,
5344.wav,,
5345.wav,,
5346.wav,,
5347.wav,,
5348.wav,,
5349.wav,,
5350.wav,,
5351.wav,,
5352.wav,,
5353.wav,,
5354.wav,,
5355.wav,,
5356.wav,,
5357.wav,,
5358.wav,,
5359.wav,,
5360.wav,,
5361.wav,,
5362.wav,,
5363.wav,,
5364.wav,,
5365.wav,,
5366.wav,,
5367.wav,,
5368.wav,,
5369.wav,,
5370.wav,,
5371.wav,,
5372.wav,,
5373.wav,,
5374.wav,,
5375.wav,,
5376.wav,,
5377.wav,,
5378.wav,,
5379.wav,,
5380.wav,,
5381.wav,,
5382.wav,,
5383.wav,,
5384.wav,,
5385.wav,,
5386.wav,,
5387.wav,,
5388.wav,,
5389.wav,,
5390.wav,,
5391.wav,,
5392.wav,,
5393.wav,,
5394.wav,,
5395.wav,,
5396.wav,,
5397.wav,,
5398.wav,,
5399.wav,,
5400.wav,,
5401.wav,,
5402.wav,,
5403.wav,,
5404.wav,,
5405.wav,,
5406.wav,,
5407.wav,,
5408.wav,,
5409.wav,,
5410.wav,,
5411.wav,,
5412.wav,,
5413.wav,,
5414.wav,,
5415.wav,,
5416.wav,,
5417.wav,,
5418.wav,,
5419.wav,,
5420.wav,,
5421.wav,,
5422.wav,,
5423.wav,,
5424.wav,,
5425.wav,,
5426.wav,,
5427.wav,,
5428.wav,,
5429.wav,,
5430.wav,,
5431.wav,,
5432.wav,,
5433.wav,,
5434.wav,,
5435.wav,,
5436.wav,,
5437.wav,,
5438.wav,,
5439.wav,,
5440.wav,,
5441.wav,,
5442.wav,,
5443.wav,,
5444.wav,,
5445.wav,,
5446.wav,,
5447.wav,,
5448.wav,,
5449.wav,,
5450.wav,,
5451.wav,,
5452.wav,,
5453.wav,,
5454.wav,,
5455.wav,,
5456.wav,,
5457.wav,,
5458.wav,,
5459.wav,,
5460.wav,,
5461.wav,,
5462.wav,,
5463.wav,,
5464.wav,,
5465.wav,,
5466.wav,,
5467.wav,,
5468.wav,,
5469.wav,,
5470.wav,,
5471.wav,,
5472.wav,,
5473.wav,,
5474.wav,,
5475.wav,,
5476.wav,,
5477.wav,,
5478.wav,,
5479.wav,,
5480.wav,,
5481.wav,,
5482.wav,,
5483.wav,,
5484.wav,,
5485.wav,,
5486.wav,,
5487.wav,,
5488.wav,,
5489.wav,,
5490.wav,,
5491.wav,,
5492.wav,,
5493.wav,,
5494.wav,,
5495.wav,,
5496.wav,,
5497.wav,,
5498.wav,,
5499.wav,,
5500.wav,,
5501.wav,,
5502.wav,,
5503.wav,,
5504.wav,,
5505.wav,,
5506.wav,,
5507.wav,,
5508.wav,,
5509.wav,,
5510.wav,,
5511.wav,,
5512.wav,,
5513.wav,,
5514.wav,,
5515.wav,,
5516.wav,,
5517.wav,,
5518.wav,,
5519.wav,,
5520.wav,,
5521.wav,,
5522.wav,,
5523.wav,,
5524.wav,,
5525.wav,,
5526.wav,,
5527.wav,,
5528.wav,,
5529.wav,,
5530.wav,,
5531.wav,,
5532.wav,,
5533.wav,,
5534.wav,,
5535.wav,,
5536.wav,,
5537.wav,,
5538.wav,,
5539.wav,,
5540.wav,,
5541.wav,,
5542.wav,,
5543.wav,,
5544.wav,,
5545.wav,,
5546.wav,,
5547.wav,,
5548.wav,,
5549.wav,,
5550.wav,,
5551.wav,,
5552.wav,,
5553.wav,,
5554.wav,,
5555.wav,,
5556.wav,,
5557.wav,,
5558.wav,,